Item,Calories,Fat (g),Saturated Fat (g),Cholesterol (mg),Sodium (mg),Carbs (g),Fiber (g),Sugar (g),Protein (g)
Spinach Alfredo Pizza Original Crust Small 1 Slice,190.0,7.0,3.0,15.0,460.0,24.0,1.0,2.0,7.0
Spinach Alfredo Pizza Thin Crust Large 1 Slice,220.0,12.0,4.5,25.0,350.0,21.0,1.0,1.0,8.0
Cheese Pizza Original Crust Small 1 Slice,180.0,6.0,2.5,15.0,440.0,25.0,1.0,3.0,7.0
Spinach Alfredo Pizza Original Crust Medium 1 Slice,200.0,8.0,3.5,20.0,500.0,26.0,1.0,3.0,8.0
Pepperoni Pizza Original Crust Small,220.0,9.0,4.0,20.0,580.0,25.0,1.0,3.0,8.0
Tuscan Six Cheese Pizza Original Crust Small 1 Slice,220.0,9.0,4.0,20.0,540.0,25.0,1.0,3.0,10.0
Sausage Pizza Original Crust Small,220.0,10.0,4.0,20.0,550.0,25.0,1.0,3.0,8.0
Cheese Pizza Original Crust Medium,210.0,8.0,3.5,20.0,530.0,26.0,1.0,3.0,8.0
Pepperoni Pizza Original Crust Medium 1 Slice,230.0,10.0,4.0,20.0,610.0,26.0,1.0,3.0,9.0
Pepperoni Pizza Thin Crust Large 1 Slice,270.0,16.0,6.0,30.0,530.0,22.0,1.0,2.0,10.0
Garden Fresh Pizza Original Crust Small 1 Slice,140.0,4.5,2.0,10.0,350.0,20.0,1.0,3.0,5.0
Tuscan Six Cheese Pizza Original Crust Medium 1 Slice,230.0,9.0,4.5,25.0,580.0,26.0,1.0,3.0,10.0
Sausage Pizza Original Crust Medium,240.0,11.0,4.5,20.0,600.0,26.0,1.0,3.0,8.0
The Meats Pizza Original Crust Small 1 Slice,250.0,12.0,4.5,25.0,700.0,25.0,1.0,3.0,10.0
Cheese Pizza Thin Crust Large 1 Slice,230.0,12.0,5.0,25.0,380.0,22.0,1.0,2.0,9.0
Tuscan Six Cheese Pizza Thin Crust Large 1 Slice,260.0,14.0,6.0,30.0,460.0,22.0,1.0,2.0,12.0
Sausage Pizza Thin Crust Large 1 Slice,270.0,16.0,6.0,30.0,490.0,22.0,1.0,2.0,9.0
The Meats Pizza Original Crust Medium 1 Slice,250.0,12.0,5.0,25.0,710.0,26.0,1.0,3.0,11.0
BBQ Chicken Bacon Pizza Original Crust Small 1 Slice,230.0,8.0,3.0,25.0,690.0,30.0,1.0,2.0,10.0
The Meats Pizza Thin Crust Large 1 Slice,310.0,19.0,7.0,40.0,710.0,22.0,1.0,2.0,13.0
BBQ Chicken Bacon Pizza Medium 1 Slice,250.0,8.0,3.5,25.0,740.0,32.0,1.0,3.0,11.0
The Works Pizza Original Crust Small 1 Slice,220.0,9.0,3.5,20.0,620.0,26.0,1.0,3.0,9.0
Hawaiian BBQ Chicken Pizza Original Crust Small 1 Slice,240.0,8.0,3.0,25.0,690.0,31.0,1.0,8.0,10.0
The Works Pizza Original Crust Medium 1 Slice,230.0,9.0,4.0,20.0,650.0,27.0,1.0,3.0,9.0
Garden Fresh Pizza Original Crust Medium 1 Slice,200.0,7.0,3.0,15.0,500.0,27.0,2.0,4.0,8.0
BBQ Chicken Bacon Pizza Thin Crust Large,290.0,13.0,5.0,35.0,690.0,29.0,1.0,1.0,13.0
Hawaiian BBQ Chicken Pizza Original Crust Medium 1 Slice,250.0,8.0,3.5,25.0,740.0,33.0,1.0,9.0,11.0
Spinach Alfredo Pizza Original Crust Large 1 Slice,280.0,10.0,4.5,25.0,690.0,36.0,1.0,4.0,11.0
The Works Pizza Thin Crust Large 1 Slice,270.0,15.0,6.0,30.0,590.0,23.0,2.0,2.0,11.0
Garden Fresh Pizza Thin Crust Large 1 Slice,220.0,11.0,4.0,20.0,360.0,24.0,2.0,3.0,8.0
Hawaiian BBQ Chicken Pizza Thin Crust Large 1 Slice,290.0,13.0,5.0,35.0,690.0,31.0,1.0,9.0,13.0
Pepperoni Pizza Original Crust Large 1 Slice,330.0,14.0,6.0,30.0,870.0,37.0,2.0,4.0,13.0
Spinach Alfredo Pizza Original Crust Extra Large 1 Slice,300.0,11.0,4.5,25.0,740.0,39.0,2.0,4.0,11.0
Cheese Pizza Original Crust Large 1 Slice,290.0,10.0,4.5,25.0,720.0,37.0,2.0,4.0,11.0
Tuscan Six Cheese Pizza Original Crust Large 1 Slice,320.0,13.0,6.0,30.0,800.0,38.0,2.0,4.0,14.0
Sausage Pizza Original Crust Large 1 Slice,330.0,15.0,6.0,30.0,830.0,37.0,2.0,4.0,12.0
Cheese Pizza Original Crust Extra Large 1 Slice,300.0,10.0,4.5,25.0,740.0,40.0,2.0,5.0,11.0
Tuscan Six Cheese Pizza Original Crust Extra Large 1 Slice,340.0,13.0,6.0,30.0,840.0,40.0,2.0,5.0,15.0
Pepperoni Pizza Original Crust Extra Large 1 Slice,340.0,14.0,6.0,30.0,900.0,40.0,2.0,5.0,13.0
The Meats Pizza Original Crust Large 1 Slice,370.0,17.0,7.0,40.0,1050.0,38.0,2.0,5.0,15.0
Sausage Pizza Original Crust Extra Large 1 Slice,350.0,15.0,6.0,30.0,860.0,40.0,2.0,5.0,12.0
BBQ Chicken Bacon Pizza Original Crust Large 1 Slice,350.0,12.0,5.0,35.0,1030.0,45.0,2.0,4.0,15.0
The Meats Pizza Original Crust Extra Large 1 Slice,400.0,19.0,8.0,40.0,1100.0,40.0,2.0,5.0,16.0
The Works Pizza Original Crust Large 1 Slice,330.0,14.0,6.0,30.0,930.0,39.0,2.0,5.0,13.0
Garden Fresh Pizza Original Crust Large 1 Slice,280.0,9.0,4.0,20.0,700.0,39.0,2.0,5.0,11.0
BBQ Chicken Bacon Pizza Original Crust Extra Large 1 Slice,370.0,12.0,5.0,35.0,1090.0,48.0,2.0,4.0,16.0
Hawaiian BBQ Chicken Pizza Original Crust Large 1 Slice,350.0,12.0,5.0,35.0,1030.0,46.0,2.0,12.0,15.0
Garden Fresh Pizza Original Crust Extra Large 1 Slice,300.0,10.0,4.0,20.0,740.0,42.0,2.0,6.0,11.0
Hawaiian BBQ Chicken Pizza Original Crust Extra Large 1 Slice,370.0,12.0,5.0,35.0,1090.0,50.0,2.0,13.0,16.0
The Works Pizza Original Crust Extra Large 1 Slice,350.0,14.0,6.0,30.0,980.0,42.0,2.0,5.0,14.0
BBQ Dipping Sauce,45.0,0.0,0.0,0.0,240.0,11.0,0.0,10.0,0.0
Buffalo Dipping Sauce,15.0,0.5,0.0,0.0,1030.0,2.0,0.0,2.0,0.0
Blue Cheese Dipping Sauce,160.0,16.0,3.5,20.0,250.0,1.0,0.0,1.0,1.0
Special Garlic Dipping Sauce,150.0,17.0,3.0,0.0,310.0,0.0,0.0,0.0,0.0
Honey Mustard Sauce,150.0,15.0,2.5,10.0,120.0,5.0,0.0,4.0,0.0
Cheese Dipping Sauces,40.0,3.5,1.0,5.0,160.0,1.0,0.0,1.0,1.0
Pizza Sauce,20.0,1.0,0.0,0.0,230.0,3.0,0.0,1.0,0.0
Breadsticks,290.0,4.5,0.5,0.0,540.0,53.0,2.0,5.0,9.0
Garlic Parmesan Breadsticks,340.0,10.0,1.5,0.0,720.0,54.0,2.0,5.0,9.0
Cheesesticks,370.0,16.0,7.0,35.0,860.0,41.0,2.0,4.0,14.0
2 Unsauced Roasted Wings,140.0,9.0,2.5,70.0,270.0,0.0,0.0,0.0,14.0
BBQ Chicken Bacon Pizza Pizza for One 1 Slice,230.0,7.0,3.0,20.0,680.0,30.0,1.0,3.0,10.0
Cheese Pizza Original Crust Pizza for One 1 Slice,180.0,6.0,2.5,15.0,450.0,25.0,1.0,3.0,7.0
Cheesy Chicken Cordon Bleu Original Crust Extra Large 1 Slice,380.0,15.0,7.0,45.0,1060.0,41.0,2.0,5.0,19.0
Cheesy Chicken Cordon Bleu Original Crust Large 1 Slice,360.0,15.0,7.0,45.0,1010.0,38.0,2.0,4.0,18.0
Cheesy Chicken Cordon Bleu Original Crust Medium 1 Slice,260.0,11.0,5.0,35.0,750.0,27.0,1.0,3.0,14.0
Jalapeno Peppers,5.0,0.0,0.0,0.0,105.0,1.0,0.0,0.0,0.0
Cheesy Chicken Cordon Bleu Original Crust Small 1 Slice,240.0,10.0,4.5,30.0,670.0,25.0,1.0,3.0,12.0
Garden Fresh Pizza Original Crust Pizza for One 1 Slice,180.0,5.0,2.0,10.0,440.0,26.0,1.0,4.0,6.0
John's Favorite Pizza Original Crust Extra Large 1 Slice,430.0,22.0,9.0,40.0,1110.0,40.0,2.0,5.0,17.0
John's Favorite Pizza Original Crust Large 1 Slice,410.0,21.0,9.0,40.0,1060.0,38.0,2.0,4.0,16.0
John's Favorite Pizza Original Crust Medium,290.0,15.0,6.0,26.0,750.0,26.0,1.0,3.0,12.0
John's Favorite Pizza Original Crust Pizza for One 1 Slice,270.0,14.0,6.0,25.0,710.0,25.0,1.0,3.0,11.0
John's Favorite Pizza Original Crust Small 1 Slice,270.0,14.0,6.0,25.0,720.0,25.0,1.0,3.0,11.0
Pepperoni Pizza Original Crust Pizza for One 1 Slice,210.0,9.0,3.5,15.0,560.0,25.0,1.0,3.0,8.0
Sausage Pizza Original Crust Pizza for One 1 Slice,220.0,9.0,3.5,15.0,540.0,25.0,1.0,3.0,7.0
Spicy Italian Pizza Original Crust Extra Large 1 Slice,400.0,20.0,8.0,40.0,1040.0,41.0,2.0,5.0,15.0
Spicy Italian Pizza Original Crust Large 1 Slice,380.0,18.0,7.0,35.0,980.0,38.0,2.0,4.0,14.0
Spicy Italian Pizza Original Crust Medium 1 Slice,270.0,13.0,5.0,25.0,690.0,27.0,1.0,3.0,10.0
Spicy Italian Pizza Original Crust Pizza for One 1 Slice,240.0,12.0,4.5,20.0,630.0,25.0,1.0,3.0,9.0
Spicy Italian Pizza Original Crust Small 1 Slice,240.0,11.0,4.5,20.0,610.0,25.0,1.0,3.0,9.0
The Meats Pizza Original Crust Pizza for One 1 Slice,240.0,11.0,4.5,25.0,690.0,25.0,1.0,3.0,10.0
The Works Pizza Original Crust Pizza for One 1 Slice,210.0,9.0,3.5,20.0,600.0,26.0,1.0,3.0,8.0
Tuscan Six Cheese Pizza Original Crust Pizza for One 1 Slice,210.0,8.0,3.5,20.0,520.0,25.0,1.0,3.0,9.0
Cheesy Chicken Cordon Bleu Thin Crust Large 1 Slice,290.0,16.0,7.0,45.0,800.0,21.0,1.0,2.0,16.0
John's Favorite Pizza Thin Crust Large 1 Slice,340.0,22.0,9.0,40.0,850.0,20.0,1.0,2.0,14.0
Spicy Italian Pizza Thin Crust Large 1 Slice,320.0,20.0,8.0,22.0,640.0,22.0,2.0,2.0,12.0
Ranch Sauce,100.0,10.0,1.5,10.0,240.0,1.0,0.0,1.0,1.0
Special Seasonings,5.0,0.0,0.0,0.0,410.0,1.0,0.0,0.0,0.0
Spinach Alfredo Pizza Original Crust Pizza for One 1 Slice,190.0,7.0,2.5,15.0,460.0,24.0,1.0,3.0,7.0
Pepperoncinis,5.0,0.0,0.0,0.0,220.0,1.0,0.0,4.0,0.0
Banana Peppers,5.0,0.0,0.0,0.0,210.0,1.0,0.0,0.0,0.0
3 Cheese Blend,120.0,2.0,0.0,0.0,230.0,23.0,1.0,2.0,3.0
Parmesan Romano,120.0,2.0,0.0,0.0,230.0,23.0,1.0,2.0,3.0
Buffalo Chicken Pizza Original Crust Pizza for One,260.0,12.0,3.5,25.0,740.0,27.0,1.0,3.0,10.0
Buffalo Chicken Pizza Original Crust Small 1 Slice,250.0,12.0,4.0,25.0,700.0,26.0,1.0,3.0,10.0
Buffalo Chicken Pizza Original Crust Medium 1 Slice,260.0,12.0,4.0,25.0,740.0,27.0,1.0,3.0,11.0
Buffalo Chicken Pizza Original Crust Large 1 Slice,370.0,17.0,6.0,40.0,1050.0,39.0,1.0,4.0,15.0
Buffalo Chicken Pizza Thin Crust Large 1 Slice,320.0,19.0,6.0,40.0,840.0,24.0,1.0,1.0,13.0
Buffalo Chicken Pizza Original Crust Extra Large 1 Slice,400.0,18.0,6.0,40.0,1100.0,42.0,2.0,5.0,16.0
5 Chicken Poppers,180.0,6.0,1.0,40.0,470.0,16.0,1.0,0.0,15.0
Bacon Cheesesticks,100.0,5.0,2.0,10.0,260.0,11.0,0.0,1.0,4.0
Aquafina 20 oz,0.0,0.0,0.0,0.0,0.0,0.0,0.0,0.0,0.0
Chocolate Chip Cookie,195.0,9.0,4.5,13.0,105.0,26.0,1.0,17.0,2.0
Anchovies,30.0,1.5,0.0,15.0,760.0,0.0,0.0,0.0,4.0
16 Wings w/ BBQ Sauce,1750.0,114.0,29.0,415.0,3880.0,40.0,1.0,28.0,134.0
16 Wings w/ Buffalo Sauce,1670.0,115.0,30.0,415.0,5840.0,16.0,2.0,6.0,133.0
16 Wings w/ Honey Chipotle Sauce,1800.0,113.0,29.0,415.0,3620.0,55.0,1.0,42.0,133.0
16 Unsauced Roasted Wings,1620.0,113.0,29.0,415.0,2920.0,8.0,0.0,1.0,133.0
2 Wings w/ BBQ Sauce,190.0,12.0,3.0,50.0,760.0,6.0,0.0,2.0,12.0
2 Wings w/ Buffalo Sauce,170.0,13.0,3.0,50.0,1070.0,3.0,0.0,1.0,12.0
2 Wings w/ Honey Chipotle Sauce,190.0,12.0,3.0,50.0,730.0,8.0,0.0,5.0,12.0
24 Wings w/ BBQ Sauce,2630.0,170.0,44.0,620.0,5830.0,60.0,2.0,43.0,200.0
24 Wings w/ Buffalo Sauce,2510.0,173.0,45.0,620.0,8770.0,24.0,3.0,9.0,200.0
24 Wings w/ Honey Chipotle Sauce,2710.0,170.0,44.0,620.0,5430.0,82.0,2.0,64.0,200.0
24 Unsauced Roasted Wings,2430.0,170.0,44.0,620.0,4380.0,12.0,0.0,1.0,199.0
32 Wings w/ BBQ Sauce,3500.0,227.0,59.0,825.0,7770.0,80.0,2.0,57.0,267.0
32 Wings w/ Buffalo Sauce,3340.0,231.0,60.0,825.0,11690.0,33.0,4.0,12.0,267.0
32 Wings w/ Honey Chipotle Sauce,3610.0,227.0,59.0,825.0,7240.0,109.0,2.0,85.0,267.0
32 Unsauced Roasted Wings,3240.0,226.0,59.0,825.0,5830.0,16.0,0.0,1.0,265.0
50 Wings w/ BBQ Sauce,5470.0,355.0,92.0,1295.0,12140.0,125.0,4.0,89.0,418.0
50 Wings w/ Buffalo Sauce,5220.0,360.0,93.0,1295.0,18260.0,51.0,6.0,18.0,417.0
50 Wings w/ Honey Chipotle Sauce,5640.0,354.0,92.0,1295.0,11320.0,171.0,4.0,132.0,417.0
50 Unsauced Roasted Wings,5470.0,355.0,92.0,1295.0,12140.0,125.0,4.0,89.0,418.0
8 BBQ Wings,880.0,57.0,15.0,205.0,1940.0,20.0,1.0,14.0,67.0
8 Buffalo Wings,840.0,58.0,15.0,205.0,2920.0,8.0,1.0,3.0,67.0
8 Honey Chipotle Wings,900.0,57.0,15.0,205.0,1810.0,27.0,1.0,21.0,67.0
8 Unsauced Roasted Wings,810.0,57.0,15.0,205.0,1460.0,4.0,0.0,0.0,66.0
Brookie,190.0,9.0,4.0,10.0,95.0,26.0,1.0,17.0,2.0
Chicken & Veggie Pizza Original Crust Pizza For One 1 Slice,200.0,6.0,2.0,15.0,480.0,26.0,1.0,4.0,9.0
Chicken & Veggie Pizza Original Crust Small 1 Slice,190.0,4.5,1.5,10.0,420.0,26.0,1.0,3.0,7.0
Chicken & Veggie Pizza Original Crust Medium 1 Slice,200.0,5.0,1.5,10.0,430.0,27.0,1.0,4.0,7.0
Chicken & Veggie Pizza Original Crust Large 1 Slice,280.0,7.0,2.0,15.0,620.0,39.0,2.0,5.0,10.0
Chicken & Veggie Pizza Original Crust Extra Large 1 Slice,310.0,8.0,2.5,20.0,690.0,41.0,2.0,6.0,12.0
Chicken & Veggie Pizza Thin Crust Large 1 Slice,210.0,8.0,2.5,15.0,400.0,21.0,1.0,2.0,8.0
10 Chicken Poppers,370.0,14.0,2.5,80.0,1070.0,29.0,1.0,1.0,23.0
15 Chicken Poppers,550.0,22.0,4.0,120.0,1610.0,44.0,2.0,2.0,34.0
30 Chicken Poppers,1100.0,43.0,8.0,240.0,3210.0,88.0,3.0,3.0,68.0
45 Chicken Poppers,1650.0,65.0,11.0,360.0,4820.0,132.0,5.0,5.0,102.0
Mountain Dew 2 Liter,980.0,0.0,0.0,0.0,338.0,260.3,0.0,260.3,0.0
60 Chicken Poppers,2200.0,87.0,15.0,480.0,6430.0,176.0,6.0,6.0,136.0
Double Chocolate Chip Brownie,240.0,12.0,3.5,15.0,70.0,34.0,1.0,23.0,2.0
Grilled Chicken & Canadian Bacon Pizza Original Crust Pizza For One 1 Slice,200.0,6.0,2.5,25.0,570.0,26.0,1.0,3.0,11.0
Grilled Chicken & Canadian Bacon Pizza Original Crust Small 1 Slice,180.0,4.5,1.5,15.0,480.0,25.0,1.0,3.0,8.0
Grilled Chicken & Canadian Bacon Pizza Original Crust Medium 1 Slice,190.0,4.5,1.5,20.0,520.0,26.0,1.0,3.0,9.0
Garlic Knots,220.0,9.0,2.0,0.0,510.0,29.0,1.0,2.0,5.0
Grilled Chicken & Canadian Bacon Pizza Original Crust Large 1 Slice,270.0,7.0,2.5,25.0,750.0,38.0,2.0,5.0,13.0
Grilled Chicken & Canadian Bacon Pizza Original Crust Extra Large 1 Slice,290.0,7.0,2.5,30.0,810.0,40.0,2.0,5.0,14.0
Grilled Chicken & Canadian Bacon Pizza Thin Crust Large 1 Slice,190.0,8.0,2.5,25.0,530.0,20.0,1.0,2.0,11.0
Hawaiian Chicken Pizza Original Crust Pizza For One 1 Slice,200.0,5.0,2.0,20.0,490.0,27.0,1.0,5.0,9.0
Hawaiian Chicken Pizza Original Crust Small 1 Slice,180.0,4.0,1.5,15.0,440.0,26.0,1.0,4.0,8.0
Hawaiian Chicken Pizza Original Crust Medium 1 Slice,190.0,4.5,1.5,15.0,460.0,27.0,1.0,4.0,9.0
Hawaiian Chicken Pizza Original Crust Large 1 Slice,260.0,6.0,2.0,25.0,650.0,39.0,2.0,6.0,12.0
Hawaiian Chicken Pizza Original Crust Extra Large 1 Slice,280.0,7.0,2.5,25.0,700.0,42.0,2.0,7.0,13.0
Hawaiian Chicken Pizza Thin Crust Large 1 Slice,190.0,7.0,2.5,25.0,430.0,21.0,1.0,4.0,10.0
Mediterranean Veggie Pizza Original Crust Pizza For One 1 Slice,190.0,5.0,2.0,10.0,460.0,26.0,1.0,3.0,6.0
Mediterranean Veggie Pizza Original Crust Small,180.0,4.5,1.5,5.0,420.0,26.0,1.0,3.0,5.0
Mediterranean Veggie Pizza Original Crust Medium 1 Slice,190.0,4.5,1.5,5.0,450.0,27.0,1.0,4.0,6.0
Mediterranean Veggie Pizza Original Crust Large 1 Slice,270.0,7.0,2.0,10.0,630.0,38.0,2.0,5.0,8.0
Mediterranean Veggie Pizza Original Crust Extra Large 1 Slice,300.0,7.0,2.5,10.0,690.0,41.0,2.0,5.0,9.0
Mediterranean Veggie Pizza Thin Crust Large 1 Slice,200.0,8.0,2.5,10.0,410.0,21.0,1.0,2.0,5.0
Spinach Alfredo Chicken Tomato Pizza Original Crust Pizza For One 1 Slice,220.0,8.0,4.0,30.0,550.0,25.0,1.0,3.0,11.0
Spinach Alfredo Chicken Tomato Pizza Original Crust Small 1 Slice,200.0,7.0,3.5,20.0,470.0,25.0,1.0,2.0,9.0
Spinach Alfredo Chicken Tomato Pizza Original Crust Medium 1 Slice,210.0,8.0,4.0,25.0,520.0,26.0,1.0,3.0,10.0
Spinach Alfredo Chicken Tomato Pizza Original Crust Large 1 Slice,300.0,10.0,5.0,35.0,720.0,37.0,2.0,4.0,14.0
Spinach Alfredo Chicken Tomato Pizza Original Crust Extra Large 1 Slice,320.0,11.0,5.0,40.0,770.0,39.0,2.0,4.0,15.0
Spinach Alfredo Chicken Tomato Pizza Thin Crust Large 1 Slice,230.0,12.0,5.0,35.0,510.0,19.0,1.0,1.0,11.0
The Big Bonanza Original Crust Small 1 Slice,230.0,10.0,4.0,25.0,680.0,26.0,1.0,4.0,10.0
The Big Bonanza Original Crust Medium 1 Slice,250.0,10.0,4.5,25.0,720.0,27.0,1.0,4.0,11.0
The Big Bonanza Original Crust Large 1 Slice,350.0,14.0,6.0,35.0,1020.0,39.0,2.0,6.0,15.0
The Big Bonanza Original Crust Extra Large 1 Slice,380.0,16.0,6.0,40.0,1100.0,42.0,2.0,6.0,17.0
The Big Bonanza Thin Crust Large 1 Slice,280.0,16.0,6.0,35.0,810.0,22.0,2.0,3.0,13.0
Tropical Luau Pizza Original Crust Pizza For One 1 Slice,190.0,6.0,2.5,15.0,530.0,27.0,1.0,5.0,8.0
Tropical Luau Pizza Original Crust Small 1 Slice,170.0,4.5,1.5,10.0,450.0,26.0,1.0,4.0,6.0
Tropical Luau Pizza Original Crust Medium 1 Slice,180.0,4.5,1.5,10.0,470.0,27.0,1.0,4.0,7.0
Tropical Luau Pizza Original Crust Large 1 Slice,260.0,6.0,2.5,15.0,670.0,39.0,2.0,6.0,10.0
Tropical Luau Pizza Original Crust Extra Large 1 Slice,280.0,7.0,2.5,15.0,730.0,42.0,2.0,7.0,11.0
Tropical Luau Pizza Thin Crust Large 1 Slice,190.0,8.0,2.5,15.0,450.0,21.0,1.0,4.0,7.0
Diet Pepsi 20 oz,0.0,0.0,0.0,0.0,60.0,0.0,0.0,0.0,0.0
Mountain Dew 20 oz,290.0,0.0,0.0,0.0,100.0,77.0,0.0,77.0,0.0
Pepsi 20 oz,250.0,0.0,0.0,0.0,55.0,69.0,0.0,69.0,0.0
Sierra Mist 20 oz,190.0,0.0,0.0,0.0,55.0,49.0,0.0,49.0,0.0
Diet Pepsi 2 Liter,0.0,0.0,0.0,0.0,17.0,0.0,0.0,0.0,0.0
Pepsi 2 Liter,845.0,0.0,0.0,0.0,185.0,233.2,0.0,233.2,0.0
Sierra Mist 2 Liter,640.0,0.0,0.0,0.0,185.0,165.6,0.0,165.5,0.0
Bacon Cheddar Stuffed Cheesesticks,240.0,12.0,4.5,20.0,550.0,24.0,1.0,2.0,9.0
Cheesesticks 12 in,370.0,16.0,7.0,35.0,860.0,41.0,2.0,4.0,14.0
Six Cheese Cheesesticks 10 in,110.0,5.0,2.5,10.0,250.0,11.0,0.0,1.0,4.0
Wisconsin Cheese Stuffed Cheesesticks,240.0,12.0,4.5,20.0,500.0,24.0,1.0,2.0,9.0
Cinnamon Pull Aparts,220.0,10.0,4.0,5.0,180.0,29.0,1.0,17.0,2.0
Cinnamon Pull Aparts Whole Tray,1960.0,94.0,36.0,60.0,1660.0,264.0,8.0,150.0,19.0
Pan Cheese Pizza Pan Crust,220.0,11.0,4.5,25.0,680.0,20.0,1.0,3.0,9.0
Pan Pepperoni Pizza Pan Crust,260.0,16.0,6.0,35.0,820.0,20.0,1.0,3.0,10.0
Pan Sausage Pizza 1 Slice,260.0,16.0,6.0,30.0,780.0,20.0,1.0,3.0,9.0
Pan John's Favorite Pizza 1 Slice,290.0,18.0,7.0,35.0,870.0,20.0,1.0,3.0,12.0
Mediterranean Veggie Pizza Pan Crust 1 Slice,150.0,6.0,2.0,10.0,560.0,20.0,1.0,3.0,6.0
Chicken & Veggie Pizza Pan Crust 1 Slice,160.0,6.0,2.0,15.0,540.0,20.0,1.0,3.0,7.0
Grilled Chicken & Canadian Bacon Pizza Pan Crust 1 Slice,180.0,8.0,2.5,20.0,630.0,19.0,1.0,3.0,9.0
Tropical Luau Pizza Pan Crust 1 Slice,170.0,7.0,2.5,15.0,580.0,20.0,1.0,3.0,7.0
Garden Fresh Pizza Pan Crust 1 Slice,210.0,10.0,4.0,20.0,640.0,21.0,2.0,3.0,8.0
Spinach Alfredo Pizza Pan Crust 1 Slice,210.0,11.0,5.0,25.0,620.0,18.0,1.0,2.0,8.0
Spinach Alfredo Chicken Tomato Pizza Pan Crust 1 Slice,290.0,11.0,5.0,30.0,670.0,34.0,2.0,2.0,12.0
Tuscan Six Cheese Pizza Pan Crust,240.0,12.0,5.0,25.0,720.0,20.0,1.0,3.0,11.0
The Works Pizza Pan Crust,240.0,13.0,5.0,30.0,780.0,21.0,2.0,3.0,10.0
The Meats Pizza Pan Crust,260.0,15.0,6.0,35.0,870.0,20.0,1.0,3.0,11.0
Spicy Italian Pizza Pan Crust,270.0,17.0,6.0,35.0,820.0,20.0,2.0,3.0,10.0
BBQ Chicken Bacon Pizza Pan Crust,260.0,12.0,4.5,30.0,950.0,27.0,2.0,8.0,12.0
Hawaiian BBQ Chicken Pizza Original Crust 8 in,250.0,8.0,3.5,30.0,740.0,32.0,1.0,9.0,12.0
Hawaiian BBQ Chicken Pizza Pan Crust,270.0,12.0,4.5,30.0,950.0,28.0,2.0,9.0,12.0
Hawaiian Chicken Pizza Lighter Choice Pan Dough Crust,240.0,6.0,2.0,20.0,580.0,35.0,1.0,4.0,11.0
Zesty Jalapeno Meats Pizza Original Crust Small,230.0,10.0,4.5,20.0,650.0,25.0,1.0,3.0,9.0
Zesty Jalapeno Meats Pizza Original Crust Medium,260.0,12.0,5.0,25.0,720.0,27.0,1.0,3.0,11.0
Zesty Jalapeno Meats Pizza Original Crust Large,360.0,16.0,7.0,35.0,1010.0,38.0,2.0,4.0,15.0
Zesty Jalapeno Meats Pizza Original Crust Extra Large,380.0,17.0,7.0,35.0,1060.0,41.0,2.0,5.0,15.0
Zesty Jalapeno Meats Pizza Thin Crust Large,300.0,18.0,7.0,35.0,670.0,22.0,2.0,2.0,12.0
Buffalo Chicken Pizza Pan Dough Crust,360.0,17.0,5.0,35.0,910.0,37.0,2.0,3.0,12.0
Pepperoni & Sausage Pizza Original Crust 8 in,250.0,13.0,5.0,30.0,650.0,26.0,1.0,3.0,9.0
Pepperoni & Sausage Pizza Original Crust Small,240.0,11.0,4.5,25.0,600.0,26.0,1.0,3.0,8.0
Pepperoni & Sausage Pizza Original Crust Medium,260.0,13.0,5.0,25.0,650.0,27.0,1.0,3.0,9.0
Pepperoni & Sausage Pizza Original Crust Large,360.0,17.0,7.0,35.0,910.0,38.0,2.0,5.0,13.0
Pepperoni & Sausage Pizza Original Crust Extra Large,370.0,17.0,7.0,35.0,940.0,40.0,2.0,5.0,13.0
Pepperoni & Sausage Pizza Pan Dough Crust,340.0,16.0,6.0,30.0,810.0,36.0,2.0,3.0,11.0
Pepperoni & Sausage Pizza Thin Crust Large,310.0,20.0,8.0,40.0,750.0,20.0,1.0,2.0,11.0
Original Crust for Create Your Own Pizza 8 in,120.0,2.0,0.0,0.0,230.0,23.0,1.0,2.0,3.0
Original Crust for Create Your Own Pizza 16 in,200.0,3.0,0.0,0.0,360.0,36.0,1.0,3.0,6.0
Original Crust for Create Your Own Pizza Large 14 in,190.0,2.5,0.0,0.0,340.0,34.0,1.0,3.0,5.0
Original Crust for Create Your Own Pizza Medium 12 in,130.0,2.0,0.0,0.0,240.0,24.0,1.0,2.0,4.0
Original Crust for Create Your Own Pizza Small 10 in,120.0,2.0,0.0,0.0,230.0,23.0,1.0,2.0,4.0
Thin Crust for Create Your Own Pizza Large 14 in,110.0,4.0,0.5,0.0,125.0,16.0,0.0,0.0,3.0
Pan Dough Crust for Create Your Own Pizza 12 in,180.0,2.5,0.5,0.0,340.0,32.0,1.0,1.0,5.0
Shredded Swiss Cheese for Create Your Own Pizza Original Crust,120.0,2.0,0.0,0.0,230.0,23.0,1.0,2.0,3.0
Sicilian Classic on Original Crust Large 1 Slice,370.0,17.0,7.0,45.0,1050.0,38.0,2.0,5.0,15.0
Spinach Alfredo Chicken Tomato Pizza on Original Crust Extra Large 1 Slice,320.0,11.0,5.0,40.0,770.0,39.0,2.0,4.0,15.0
Ranch Sauce Light for Original Crust Small,15.0,2.0,0.0,0.0,40.0,0.0,0.0,0.0,0.0
Meat Calzone,340.0,15.0,7.0,40.0,840.0,37.0,1.0,4.0,14.0
Schweppes Ginger Ale Raspberry 2 Liter,790.0,0.0,0.0,0.0,340.0,214.0,0.0,209.0,0.0
Pepperoni & Sausage Pizza on Original Crust Medium 1 Slice,260.0,13.0,5.0,25.0,650.0,27.0,1.0,3.0,9.0
Spinach Alfredo Pizza on Original Crust Large 1 Slice,280.0,10.0,5.0,25.0,650.0,36.0,1.0,3.0,10.0
Bennys Italian Beef on Original Crust Pizza For One 1 Slice,210.0,7.0,3.0,20.0,490.0,25.0,1.0,3.0,9.0
24 Garlic Parmesan Wings,3120.0,243.0,60.0,630.0,6870.0,17.0,1.0,1.0,205.0
Diet Mountain Dew 20 oz,10.0,0.0,0.0,0.0,85.0,0.0,0.0,0.0,0.0
Roma Tomatoes for Original Crust Large,5.0,0.0,0.0,0.0,0.0,1.0,0.0,0.0,0.0
Pepsi 12 oz,150.0,0.0,0.0,0.0,30.0,42.0,0.0,42.0,0.0
The Big Bonanza on Original Crust Extra Large 1 Slice,400.0,15.0,7.0,45.0,1280.0,49.0,2.0,12.0,17.0
Double Chocolate Chip Brownie,240.0,12.0,3.5,15.0,70.0,34.0,1.0,23.0,2.0
Crush Cherry 20 oz,290.0,0.0,0.0,0.0,115.0,78.0,0.0,75.0,0.0
Cheese Pizza on Pan Crust 1 Slice,290.0,11.0,4.5,25.0,680.0,36.0,2.0,3.0,10.0
Canadian Bacon for Original Crust Pizza For One,10.0,0.0,0.0,5.0,102.0,0.0,0.0,0.0,2.0
BBQ Chicken Calzone,320.0,12.0,6.0,35.0,720.0,38.0,1.0,4.0,15.0
Hawaiian Volcano on Original Crust Medium 1 Slice,230.0,8.0,3.5,25.0,670.0,28.0,1.0,5.0,10.0
Bennys Italian Beef on Thin Crust 1 Slice,260.0,13.0,4.5,35.0,540.0,21.0,1.0,2.0,14.0
Garden Special White on Thin Crust 1 Slice,220.0,12.0,5.0,25.0,370.0,20.0,1.0,1.0,8.0
Buffalo Chicken Pizza on Original Crust Large 1 Slice,380.0,17.0,6.0,40.0,1010.0,40.0,2.0,5.0,14.0
Taco Pizza on Original Crust Extra Large 1 Slice,440.0,19.0,8.0,40.0,1060.0,48.0,3.0,5.0,17.0
Tuscan Six Cheese Pizza on Original Crust Extra Large 1 Slice,330.0,12.0,6.0,30.0,810.0,40.0,2.0,5.0,14.0
"1 Garlic Parmesan Cheesestick 10""",90.0,4.0,2.0,10.0,230.0,10.0,0.0,1.0,3.0
Mist Twst Lemon Lime 2 Liter,810.0,0.0,0.0,0.0,190.0,220.0,0.0,220.0,0.0
The Fiesta on Pan Crust 1 Slice,300.0,12.0,5.0,25.0,730.0,36.0,2.0,3.0,10.0
Hawaiian on Original Crust Small 1 Slice,200.0,6.0,3.0,20.0,550.0,27.0,1.0,5.0,8.0
Ranch Sauce Light for Original Crust Medium,15.0,1.5,0.0,0.0,40.0,0.0,0.0,0.0,0.0
Chicken Club on Original Crust Pizza For One 1 Slice,230.0,8.0,3.5,30.0,630.0,27.0,1.0,4.0,12.0
Lipton Pure Leaf 1/2 & 1/2 18.5 oz,160.0,0.0,0.0,0.0,15.0,42.0,0.0,42.0,0.0
Buffalo Chicken Pizza on Original Crust Medium 1 Slice,260.0,12.0,4.0,25.0,720.0,27.0,1.0,3.0,10.0
Crush Orange 1.25 Liter,630.0,0.0,0.0,0.0,160.0,180.0,0.0,180.0,0.0
Italian Sausage for Original Crust Small,35.0,3.5,1.0,5.0,85.0,0.0,0.0,0.0,1.0
Green Olives for Original Crust Pizza For One,10.0,1.0,0.0,0.0,0.0,0.0,0.0,0.0,0.0
Brisk Tea Raspberry 20 oz,120.0,0.0,0.0,0.0,135.0,32.0,0.0,20.0,0.0
Chicken for Original Crust Pizza For One,20.0,0.0,0.0,10.0,95.0,0.0,0.0,0.0,4.0
White Pizza on Pan Crust 1 Slice,290.0,12.0,5.0,25.0,560.0,35.0,1.0,2.0,10.0
A&W Root Beer 20 oz,300.0,0.0,0.0,0.0,75.0,78.0,0.0,78.0,0.0
Manzanita Sol 12 oz,160.0,0.0,0.0,0.0,35.0,42.0,0.0,42.0,0.0
"1 Garlic Parmesan Cheesestick 12""",110.0,5.0,2.0,10.0,280.0,13.0,1.0,1.0,4.0
50 Unsauced Roasted Wings,5060.0,353.0,92.0,1295.0,9120.0,25.0,0.0,2.0,415.0
Original Sauce Light for Original Pizza For One,5.0,0.0,0.0,0.0,35.0,1.0,0.0,1.0,0.0
Pepperoni Pizza on Original Crust Extra Large 1 Slice,330.0,13.0,6.0,30.0,840.0,40.0,2.0,5.0,12.0
Garden Special White on Original Crust Large 1 Slice,300.0,11.0,5.0,25.0,590.0,38.0,2.0,4.0,11.0
Fanta Orange 2 Liter,930.0,0.0,0.0,0.0,300.0,254.0,0.0,254.0,0.0
BBQ Sauce for Original Crust Medium,25.0,0.0,0.0,0.0,180.0,6.0,0.0,5.0,0.0
Hearty Italian Meats on Original Crust Extra Large 1 Slice,390.0,18.0,8.0,45.0,1050.0,40.0,2.0,5.0,16.0
Pineapple for Original Crust Large,10.0,0.0,0.0,0.0,0.0,2.0,0.0,2.0,2.0
Gatorade Fruit Punch 20 oz,140.0,0.0,0.0,0.0,270.0,36.0,0.0,34.0,0.0
Spinach Alfredo Six Cheese on Original Crust Small 1 Slice,220.0,9.0,5.0,25.0,500.0,24.0,1.0,2.0,9.0
Extra Cheese for Original Crust Medium,70.0,5.0,3.0,20.0,220.0,1.0,0.0,0.0,4.0
Chicken Bacon Ranch on Pan Crust 1 Slice,330.0,15.0,5.0,30.0,780.0,35.0,2.0,3.0,13.0
Spinach Alfredo Pizza on Thin Crust 1 Slice,210.0,11.0,5.0,25.0,430.0,18.0,0.0,1.0,8.0
"1 Wisconsin Cheese Stuffed Cheesestick 8""",200.0,8.0,3.5,15.0,400.0,23.0,1.0,2.0,7.0
Manzanita Sol 20 oz,260.0,0.0,0.0,0.0,60.0,70.0,0.0,70.0,0.0
Giardineiera on Original Crust Small 1 Slice,180.0,6.0,2.5,15.0,390.0,24.0,1.0,2.0,6.0
Vanilla Pepsi 20 oz,250.0,0.0,0.0,0.0,55.0,66.0,0.0,66.0,0.0
"1 Bacon Cheddarstick 12""",140.0,7.0,3.0,15.0,350.0,13.0,1.0,1.0,6.0
Buffalo Dipping Sauce,15.0,0.5,0.0,0.0,900.0,3.0,1.0,2.0,0.0
Mediterranean Veggie Pizza on Pan Crust 1 Slice,230.0,6.0,2.0,10.0,560.0,35.0,2.0,3.0,7.0
Island Fresh on Original Crust Extra Large 1 Slice,290.0,9.0,4.0,25.0,690.0,42.0,2.0,5.0,11.0
Pepsi Next 2 Liter,560.0,0.0,0.0,0.0,30.0,152.0,0.0,147.0,0.0
Sausage Pizza on Original Crust Small 1 Slice,220.0,10.0,4.0,20.0,540.0,25.0,1.0,3.0,8.0
Defender on Gluten Free Crust 1 Slice,220.0,14.0,6.0,35.0,570.0,16.0,1.0,2.0,9.0
Pepperoni Pizza on Gluten Free Crust 1 Slice,160.0,9.0,4.0,20.0,380.0,16.0,1.0,2.0,6.0
Lipton Green Tea Honey 20 oz,180.0,0.0,0.0,0.0,0.0,48.0,0.0,48.0,0.0
Chicken Cordon Bleu on Original Crust Pizza For One 1 Slice,260.0,11.0,6.0,40.0,700.0,25.0,1.0,3.0,15.0
Who Dey on Original Crust Small 1 Slice,230.0,10.0,4.0,20.0,550.0,25.0,1.0,3.0,9.0
Hawaiian Punch 20 oz,330.0,0.0,0.0,0.0,230.0,83.0,0.0,83.0,0.0
Gatorade Glacial Freeze 20 oz,160.0,0.0,0.0,0.0,240.0,39.0,0.0,32.0,0.0
Sauerkraut Pizza on Original Crust Large 1 Slice,290.0,9.0,4.0,25.0,890.0,38.0,2.0,5.0,12.0
Johns Favorite Pizza on Pan Crust 1 Slice,370.0,18.0,7.0,35.0,870.0,36.0,2.0,3.0,14.0
Pepperoni Pizzazz on Original Crust Extra Large 1 Slice,390.0,18.0,8.0,40.0,970.0,40.0,2.0,5.0,16.0
Pizza Sauce,20.0,1.0,0.0,0.0,230.0,3.0,0.0,1.0,0.0
3 Cheese Blend for Original Crust Medium,20.0,1.5,1.0,5.0,40.0,0.0,0.0,0.0,2.0
Garden Fresh Pizza on Original Crust Small 1 Slice,190.0,6.0,2.5,15.0,450.0,26.0,1.0,3.0,7.0
Zesty Jalapeno Meats Pizza on Thin Crust 1 Slice,270.0,16.0,6.0,30.0,660.0,20.0,1.0,2.0,11.0
Bacon Egg & Cheese on Original Crust Pizza For One 1 Slice,250.0,12.0,4.0,95.0,630.0,25.0,1.0,2.0,11.0
Doc X 2 Liter,850.0,0.0,0.0,0.0,310.0,225.0,0.0,225.0,0.0
Zesty Jalapeno Meats Pizza on Original Crust Medium 1 Slice,240.0,10.0,4.0,20.0,600.0,26.0,1.0,3.0,9.0
BBQ Sauce Light for Original Crust Pizza For One,10.0,0.0,0.0,0.0,85.0,3.0,0.0,2.0,0.0
Mountain Dew Kickstart Black Cherry 16 oz,80.0,0.0,0.0,0.0,170.0,20.0,0.0,19.0,0.0
Chicken Veggie Lite Chicken Delight on Original Crust Pizza For One 1 Slice,200.0,6.0,3.0,25.0,510.0,26.0,1.0,3.0,10.0
Dawg Pound Deluxe on Original Crust Pizza For One 1 Slice,230.0,10.0,4.0,20.0,560.0,26.0,1.0,4.0,8.0
50 Wings w/ Buffalo Sauce,5220.0,360.0,93.0,1295.0,18260.0,51.0,6.0,18.0,417.0
Ultimate Pepperoni on Original Crust Extra Large 1 Slice,410.0,20.0,8.0,45.0,1070.0,40.0,2.0,5.0,16.0
Canadian Bacon for Original Crust Large,20.0,1.0,0.0,10.0,160.0,0.0,0.0,0.0,2.0
The Big Bonanza on Thin Crust 1 Slice,300.0,14.0,6.0,40.0,940.0,27.0,1.0,8.0,13.0
Mug Root Beer 12 oz,150.0,0.0,0.0,0.0,60.0,44.0,0.0,44.0,0.0
Schweppes Ginger Ale 1.25 Liter,440.0,0.0,0.0,0.0,210.0,116.0,0.0,114.0,0.0
Tuscan Garden Special on Original Crust Large 1 Slice,320.0,11.0,4.0,20.0,730.0,42.0,3.0,6.0,11.0
Schweppes Ginger Ale Raspberry 20 oz,230.0,0.0,0.0,0.0,100.0,63.0,0.0,62.0,0.0
Mountain Dew Game Fuel Citrus Cherry 20 oz,170.0,0.0,0.0,0.0,105.0,46.0,0.0,46.0,0.0
Wild Cherry Pepsi 12 oz,150.0,0.0,0.0,0.0,30.0,42.0,0.0,42.0,0.0
Lipton Pureleaf ExtraSweet Tea 18.5 oz,250.0,0.0,0.0,0.0,0.0,65.0,0.0,65.0,0.0
Pepperoni Pizzazz on Original Crust Medium 1 Slice,260.0,12.0,5.0,30.0,640.0,26.0,1.0,3.0,11.0
Onions for Original Crust Pizza For One,5.0,0.0,0.0,0.0,0.0,1.0,0.0,0.0,0.0
BBQ Chicken Bacon Pizza on Thin Crust 1 Slice,270.0,12.0,5.0,40.0,800.0,27.0,1.0,8.0,13.0
The Works Pizza on Original Crust Large 1 Slice,340.0,14.0,6.0,35.0,890.0,39.0,2.0,5.0,13.0
Sunkist Grape 2 Liter,960.0,0.0,0.0,0.0,340.0,259.0,0.0,248.0,0.0
Buffalo Chicken Pizza on Original Crust Pizza for One 1 Slice,280.0,13.0,4.5,30.0,770.0,28.0,1.0,3.0,10.0
Crush Pineapple 20 oz,320.0,0.0,0.0,0.0,110.0,86.0,0.0,84.0,0.0
The Big Bonanza on Original Crust Pizza For One 1 Slice,260.0,10.0,4.5,30.0,810.0,31.0,1.0,8.0,11.0
Chicken Club on Original Crust Medium 1 Slice,230.0,8.0,3.5,25.0,610.0,28.0,1.0,4.0,11.0
Who Dey on Pan Crust 1 Slice,330.0,15.0,6.0,30.0,760.0,35.0,2.0,3.0,12.0
"1 Bruschetta Cheesestick 12""",130.0,6.0,2.5,10.0,310.0,13.0,1.0,1.0,4.0
Spinach Alfredo Deluxe on Original Crust Large 1 Slice,290.0,10.0,5.0,25.0,730.0,37.0,1.0,3.0,12.0
30 Chicken Poppers,1560.0,61.0,11.0,340.0,4560.0,125.0,4.0,4.0,96.0
"1 Bruschetta Cheesestick 10""",100.0,5.0,2.0,10.0,260.0,11.0,1.0,1.0,4.0
Chicken Cordon Bleu on Original Crust Extra Large 1 Slice,380.0,15.0,7.0,45.0,1060.0,41.0,2.0,5.0,19.0
Pepperoni Specialty on Thin Crust 1 Slice,280.0,17.0,7.0,40.0,690.0,20.0,1.0,2.0,11.0
Lifewtr 23 oz,0.0,0.0,0.0,0.0,0.0,0.0,0.0,0.0,0.0
10 Chicken Poppers,530.0,21.0,3.5,115.0,1550.0,42.0,2.0,2.0,33.0
The Works Pizza on Original Crust Medium 1 Slice,230.0,9.0,4.0,25.0,620.0,27.0,1.0,4.0,9.0
Sausage Pizza Original Crust on Extra Large 1 Slice,340.0,15.0,6.0,30.0,840.0,40.0,2.0,5.0,12.0
Chicken for Original Crust Small,15.0,0.0,0.0,10.0,70.0,0.0,0.0,0.0,3.0
Spinach Alfredo Sauce Extra for Original Crust Pizza For One,35.0,3.0,2.0,10.0,110.0,1.0,0.0,0.0,1.0
Hawaiian on Original Crust Medium 1 Slice,210.0,7.0,3.0,20.0,590.0,28.0,1.0,5.0,9.0
Original Sauce Extra for Original Crust Pizza For One,15.0,0.5,0.0,0.0,90.0,2.0,0.0,1.0,0.0
Diet Pepsi 1.25 Liter,0.0,0.0,0.0,0.0,130.0,0.0,0.0,0.0,0.0
Garden Special White on Original Crust Extra Large 1 Slice,310.0,11.0,5.0,25.0,610.0,41.0,2.0,4.0,12.0
Sunkist Orange 20 oz,330.0,0.0,0.0,0.0,75.0,88.0,0.0,88.0,0.0
Spinach Alfredo Chicken Tomato Pizza on Gluten Free 1 Slice,140.0,7.0,4.0,20.0,320.0,15.0,1.0,1.0,7.0
Montellier Sparkling Water 17 oz,0.0,0.0,0.0,0.0,150.0,0.0,0.0,0.0,0.0
Bennys Italian Beef on Original Crust Large 1 Slice,330.0,12.0,5.0,35.0,760.0,39.0,2.0,5.0,16.0
Pepperoni for Original Crust Large,50.0,4.5,1.5,10.0,150.0,0.0,0.0,0.0,2.0
Island Fresh on Original Crust Small 1 Slice,190.0,6.0,2.5,15.0,440.0,27.0,1.0,3.0,7.0
Double Bacon Six Cheese Pizza on Thin Crust 1 Slice,280.0,15.0,6.0,40.0,740.0,20.0,1.0,2.0,14.0
Ham Egg Cheese on Original Crust Pizza For One 1 Slice,220.0,9.0,3.5,95.0,580.0,24.0,1.0,2.0,10.0
Chicken Cordon Bleu on Pan Crust 1 Slice,350.0,15.0,7.0,45.0,900.0,37.0,2.0,3.0,17.0
8 Wings w/ Honey Chipotle Sauce,900.0,57.0,15.0,205.0,1810.0,27.0,1.0,21.0,67.0
Ultimate Meats on Thin Crust 1 Slice,330.0,21.0,8.0,50.0,970.0,21.0,1.0,2.0,14.0
Bacon Cheddarburger on Original Crust Large 1 Slice,400.0,20.0,7.0,40.0,960.0,38.0,2.0,5.0,14.0
Double Bacon Six Cheese Pizza on Original Crust Small 1 Slice,230.0,9.0,4.0,25.0,640.0,26.0,1.0,3.0,11.0
Mushroom Hoagie,850.0,39.0,18.0,125.0,970.0,76.0,3.0,9.0,47.0
Ultimate Meats on Original Crust Pizza For One 1 Slice,280.0,14.0,6.0,35.0,850.0,26.0,1.0,4.0,12.0
Garden Special White on Gluten Free Crust 1 Slice,150.0,7.0,4.0,15.0,240.0,16.0,1.0,1.0,5.0
Chicken BBQ on Original Crust Medium 1 Slice,250.0,8.0,3.5,30.0,750.0,32.0,1.0,8.0,12.0
Papas St Louis on Original Crust Large 1 Slice,410.0,21.0,9.0,45.0,1010.0,38.0,2.0,5.0,16.0
Chicken BBQ on Original Crust Pizza For One 1 Slice,240.0,8.0,3.5,30.0,740.0,30.0,1.0,8.0,12.0
Johns Favorite Pizza on Original Crust Small 1 Slice,260.0,13.0,6.0,30.0,620.0,24.0,1.0,2.0,11.0
Sicilian Classic on Original Crust Medium 1 Slice,260.0,12.0,5.0,30.0,740.0,27.0,1.0,3.0,11.0
Manzanita Sol 2 Liter,890.0,0.0,0.0,0.0,200.0,235.0,0.0,235.0,0.0
Mushrooms for Original Crust Large,5.0,0.0,0.0,0.0,0.0,1.0,0.0,0.0,0.0
Lipton Pureleaf Diet Lemon Tea 18.5 oz,10.0,0.0,0.0,0.0,0.0,0.0,0.0,0.0,0.0
Tropical Luau Pizza on Original Crust Pizza For One 1 Slice,190.0,6.0,2.5,15.0,530.0,27.0,1.0,5.0,8.0
White Pizza on Original Crust Extra Large 1 Slice,300.0,10.0,5.0,25.0,580.0,39.0,1.0,4.0,11.0
Island Fresh w/ Chicken on Original Crust Pizza For One 1 Slice,210.0,6.0,3.0,25.0,540.0,27.0,1.0,3.0,11.0
Banana Peppers for Original Crust Small,0.0,0.0,0.0,0.0,80.0,0.0,0.0,0.0,0.0
Defender on Original Crust Pizza For One 1 Slice,290.0,15.0,6.0,35.0,780.0,26.0,1.0,3.0,12.0
Jalapeno Peppers for Original Crust Pizza For One,0.0,0.0,0.0,0.0,50.0,0.0,0.0,0.0,0.0
SoBe Fuji Apple 20 oz,0.0,0.0,0.0,0.0,60.0,8.0,0.0,0.0,0.0
Buffalo Chicken Pizza on Original Crust Extra Large 1 Slice,400.0,18.0,6.0,40.0,1060.0,43.0,2.0,5.0,14.0
Lipton Green Tea Passionfruit Mango 20 oz,130.0,0.0,0.0,0.0,50.0,33.0,0.0,33.0,0.0
32 Wings w/ Honey Chipotle Sauce,3610.0,227.0,59.0,825.0,7240.0,109.0,2.0,85.0,267.0
Cherry Seven Up 2 Liter,850.0,0.0,0.0,0.0,420.0,220.0,0.0,220.0,0.0
"1 Bacon Cheesestick 10""",110.0,5.0,2.0,10.0,260.0,11.0,0.0,1.0,4.0
Gatorade Lemon Lime 20 oz,130.0,0.0,0.0,0.0,500.0,35.0,0.0,35.0,0.0
Zesty Italian Hoagie,980.0,49.0,21.0,150.0,1880.0,81.0,4.0,13.0,51.0
Chicken Bacon Ranch on Gluten Free Crust 1 Slice,180.0,11.0,4.0,20.0,400.0,16.0,1.0,2.0,6.0
32 Wings w/ Buffalo Sauce,3340.0,231.0,60.0,825.0,11690.0,33.0,4.0,12.0,267.0
Italian Sausage for Original Crust Medium,40.0,3.5,1.5,10.0,95.0,0.0,0.0,0.0,2.0
Zesty Jalapeno Meats Pizza on Original Crust Large 1 Slice,340.0,15.0,6.0,30.0,870.0,38.0,2.0,5.0,13.0
Egg & Cheese on Original Crust Pizza For One 1 Slice,240.0,11.0,4.0,130.0,570.0,25.0,1.0,2.0,10.0
Hawaiian on Original Crust Pizza For One 1 Slice,210.0,7.0,3.0,20.0,570.0,27.0,1.0,5.0,9.0
Coke Zero 20 oz,0.0,0.0,0.0,0.0,65.0,66.0,0.0,0.0,0.0
Gatorade Orange 20 oz,140.0,0.0,0.0,0.0,35.0,36.0,0.0,34.0,0.0
A&W Root Beer 2 Liter,1010.0,0.0,0.0,0.0,250.0,262.0,0.0,262.0,0.0
Brisk Sweet Tea Lemon 12 oz,130.0,0.0,0.0,0.0,75.0,32.0,0.0,32.0,0.0
Schweppes Ginger Ale 12 oz,120.0,0.0,0.0,0.0,40.0,33.0,0.0,33.0,0.0
The Fiesta on Thin Crust 1 Slice,250.0,15.0,6.0,30.0,620.0,20.0,1.0,2.0,9.0
Sausage Egg & Cheese on Original Crust Pizza For One 1 Slice,260.0,13.0,5.0,95.0,310.0,24.0,1.0,2.0,10.0
Garden Fresh Pizza on Original Crust Extra Large 1 Slice,300.0,9.0,4.0,20.0,710.0,41.0,2.0,6.0,11.0
Green Peppers for Original Crust Pizza for One,0.0,0.0,0.0,0.0,0.0,0.0,0.0,0.0,0.0
Grilled Chicken & Canadian Bacon Pizza on Original Crust Medium 1 Slice,190.0,4.5,2.0,20.0,520.0,26.0,1.0,3.0,9.0
Pepsi Zero Sugar 2 Liter,0.0,0.0,0.0,0.0,220.0,0.0,0.0,0.0,0.0
Garden Fresh Pizza on Original Crust Pizza For One 1 Slice,190.0,6.0,3.0,15.0,470.0,26.0,1.0,4.0,7.0
Chicken Veggie Lite Chicken Delight on Thin Crust 1 Slice,220.0,10.0,4.0,30.0,510.0,21.0,1.0,3.0,11.0
Crush Strawberry 2 Liter,980.0,0.0,0.0,0.0,370.0,260.0,0.0,254.0,0.0
Island Fresh on Original Crust Medium 1 Slice,200.0,6.0,3.0,15.0,470.0,28.0,1.0,3.0,8.0
Seven Up 20 oz,250.0,0.0,0.0,0.0,125.0,65.0,0.0,65.0,0.0
Ultimate Meats on Original Crust Medium 1 Slice,270.0,13.0,5.0,30.0,810.0,27.0,1.0,3.0,11.0
Tuscan Garlic Chicken on Pan Crust 1 Slice,350.0,15.0,4.5,35.0,790.0,37.0,2.0,3.0,15.0
Canada Dry 20 oz,200.0,0.0,0.0,0.0,65.0,55.0,0.0,55.0,0.0
Island Fresh w/ Chicken on Thin Crust 1 Slice,220.0,10.0,4.0,30.0,520.0,22.0,1.0,2.0,11.0
The Workin Fire on Original Crust Small 1 Slice,220.0,9.0,3.5,20.0,560.0,25.0,1.0,3.0,8.0
Chicken Parmesan Sandwich,1010.0,50.0,17.0,130.0,3000.0,87.0,6.0,7.0,43.0
AMP 16 oz,220.0,0.0,0.0,0.0,130.0,58.0,0.0,58.0,1.0
Ham Veggie Lite Ham Delight on Original Crust Large,290.0,9.0,4.0,25.0,770.0,39.0,2.0,5.0,12.0
Green Olives for Original Crust Small,5.0,0.5,0.0,0.0,0.0,0.0,0.0,0.0,0.0
Hawaiian Volcano on Thin Crust 1 Slice,260.0,13.0,5.0,35.0,750.0,23.0,1.0,4.0,11.0
Grapico 20 oz,230.0,0.0,0.0,0.0,50.0,58.0,0.0,58.0,0.0
Ranch Sauce Light for Original Crust Pizza For One,25.0,2.5,0.0,0.0,60.0,0.0,0.0,0.0,0.0
Pepsi Max 12 oz,0.0,0.0,0.0,0.0,40.0,0.0,0.0,0.0,0.0
Ham Egg Cheese on Original Crust Large 1 Slice,360.0,17.0,6.0,140.0,940.0,37.0,1.0,3.0,16.0
Mountain Dew 1.25 Liter,600.0,0.0,0.0,0.0,210.0,162.0,0.0,162.0,0.0
Spinach Alfredo Delight on Pan Crust 1 Slice,310.0,13.0,6.0,30.0,750.0,35.0,2.0,2.0,12.0
Mountain Dew Code Red 2 Liter,950.0,0.0,0.0,0.0,570.0,260.0,0.0,260.0,0.0
Lipton Sparkling Iced Tea Peach 12 oz,70.0,0.0,0.0,0.0,125.0,18.0,0.0,18.0,0.0
Chicken Cordon Bleu on Original Crust Medium 1 Slice,260.0,11.0,5.0,35.0,750.0,27.0,1.0,3.0,14.0
Tropical Luau Pizza on Pan Crust 1 Slice,250.0,8.0,2.5,15.0,580.0,36.0,2.0,3.0,8.0
Mushrooms for Pan Crust,5.0,0.0,0.0,0.0,0.0,0.0,0.0,0.0,0.0
Dasani Water 20 oz,0.0,0.0,0.0,0.0,0.0,0.0,0.0,0.0,0.0
Pepperoni Pizza on Original Crust Medium 1 Slice,230.0,9.0,4.0,20.0,570.0,26.0,1.0,3.0,8.0
Ranch Sauce for Original Crust Large,50.0,5.0,1.0,5.0,125.0,1.0,0.0,1.0,0.0
The Big Bonanza on Original Crust Medium 1 Slice,260.0,10.0,4.5,25.0,840.0,32.0,1.0,8.0,11.0
Hawaiian w/ Cream Cheese on Original Crust,320.0,11.0,5.0,35.0,850.0,40.0,2.0,7.0,13.0
Mountain Dew 2 Liter,930.0,0.0,0.0,0.0,340.0,262.0,0.0,262.0,0.0
Spinach Alfredo Chicken Tomato Pizza on Original Crust Large 1 Slice,300.0,10.0,5.0,35.0,730.0,37.0,2.0,4.0,14.0
Pepperoni Specialty on Original Crust Small 1 Slice,230.0,10.0,4.5,25.0,600.0,26.0,1.0,3.0,9.0
Rockstar Fruit Punch 16 oz,260.0,0.0,0.0,0.0,110.0,62.0,0.0,62.0,0.0
Gatorade G2 Fruit Punch 20 oz,45.0,0.0,0.0,0.0,270.0,11.0,0.0,8.0,0.0
Hawaiian w/ Cream Cheese on Original Crust Pizza For One 1 Slice,220.0,8.0,4.0,25.0,590.0,27.0,1.0,5.0,9.0
Island Fresh on Original Crust Pizza For One 1 Slice,200.0,6.0,3.0,15.0,470.0,27.0,1.0,3.0,7.0
Smokehouse Bacon & Ham on Gluten Free Crust 1 Slice,170.0,9.0,4.0,25.0,490.0,17.0,1.0,2.0,8.0
Ranch Sauce for Original Crust Pizza For One,35.0,3.5,0.5,5.0,80.0,1.0,0.0,1.0,0.0
Diet Mist Twst 20 oz,240.0,0.0,0.0,0.0,55.0,65.0,0.0,65.0,0.0
50 Wings w/ BBQ Sauce,5470.0,355.0,92.0,1295.0,12140.0,125.0,4.0,89.0,418.0
Spinach Alfredo Deluxe on Pan Crust 1 Slice,310.0,13.0,6.0,30.0,710.0,35.0,2.0,2.0,11.0
The Big Bonanza on Pan Crust 1 Slice,360.0,14.0,5.0,35.0,1070.0,43.0,2.0,9.0,13.0
"1 Green Chile Cheesestick 12""",110.0,5.0,2.0,10.0,260.0,13.0,1.0,1.0,4.0
Ham Veggie Lite Ham Delight on Original Crust Pizza For One 1 Slice,200.0,6.0,3.0,20.0,520.0,26.0,1.0,3.0,8.0
The Fiesta on Original Crust Medium 1 Slice,220.0,9.0,4.0,20.0,570.0,27.0,1.0,4.0,8.0
Pizza Sauce Hoagie,880.0,40.0,18.0,125.0,1100.0,79.0,4.0,12.0,48.0
Spinach Alfredo Pizza on Original Crust Pizza For One 1 Slice,200.0,8.0,4.5,20.0,480.0,24.0,1.0,2.0,7.0
Zesty Jalapeno Meats on Original Crust Pizza For One 1 Slice,240.0,11.0,4.5,25.0,600.0,25.0,1.0,3.0,9.0
Tuscan Six Cheese Pizza on Thin Crust 1 Slice,250.0,13.0,6.0,30.0,560.0,20.0,1.0,2.0,11.0
Chicken Cordon Bleu on Original Crust Large 1 Slice,360.0,15.0,7.0,45.0,1060.0,41.0,2.0,5.0,19.0
Pepperoni & Sausage Pizza on Pan Crust 1 Slice,340.0,16.0,6.0,30.0,810.0,36.0,2.0,3.0,11.0
Original Sauce Extra for Original Crust Medium,15.0,0.5,0.0,0.0,95.0,2.0,0.0,1.0,0.0
Lipton Ice Tea Lemon 20 oz,280.0,0.0,0.0,0.0,15.0,65.0,0.0,65.0,0.0
Hawaiian Volcano on Original Crust Pizza For One 1 Slice,230.0,8.0,3.5,25.0,670.0,27.0,1.0,5.0,10.0
Chicken Cordon Bleu on Thin Crust 1 Slice,290.0,16.0,7.0,45.0,800.0,21.0,1.0,2.0,16.0
Lipton 1/2 & 1/2 2 Liter,410.0,0.0,0.0,0.0,880.0,105.0,0.0,101.0,0.0
Spicy Italian Calzone 1 Piece,330.0,14.0,7.0,35.0,700.0,37.0,1.0,3.0,12.0
Taco Pizza on Original Crust Small 1 Slice,270.0,12.0,5.0,25.0,670.0,31.0,2.0,3.0,10.0
Pepsi Throwback 2 Liter,880.0,0.0,0.0,0.0,220.0,227.0,0.0,227.0,0.0
Cheese for Original Crust Large,70.0,5.0,3.0,20.0,220.0,1.0,0.0,0.0,4.0
24 Wings w/ Honey Chipotle Sauce,2710.0,170.0,44.0,620.0,5430.0,82.0,2.0,64.0,200.0
Starbucks Refreshers Strawberry Lemonade 12 oz,90.0,0.0,0.0,0.0,5.0,27.0,0.0,20.0,0.0
Taco Pizza on Thin Crust 1 Slice,340.0,19.0,8.0,35.0,780.0,28.0,2.0,2.0,13.0
Spinach Alfredo Six Cheese on Original Crust Large 1 Slice,330.0,14.0,7.0,35.0,750.0,36.0,1.0,3.0,14.0
Chicken BBQ on Pan Crust 1 Slice,360.0,13.0,5.0,40.0,1040.0,43.0,2.0,9.0,16.0
Original Sauce Light for Original Crust Small,5.0,0.0,0.0,0.0,30.0,1.0,0.0,0.0,0.0
5 Chicken Poppers,270.0,10.0,2.0,60.0,770.0,21.0,1.0,1.0,16.0
Mediterranean Veggie Pizza on Original Crust Extra Large 1 Slice,270.0,7.0,3.0,10.0,690.0,41.0,2.0,5.0,9.0
Cheese for Original Crust Small,45.0,3.5,2.0,15.0,150.0,1.0,0.0,0.0,3.0
BBQ Chicken Bacon Pizza on Original Crust Extra Large 1 Slice,360.0,11.0,5.0,40.0,1070.0,48.0,2.0,11.0,16.0
BBQ Chicken Bacon Pizza on Original Crust Large 1 Slice,340.0,11.0,5.0,40.0,1020.0,45.0,2.0,11.0,16.0
Island Fresh on Pan Crust 1 Slice,280.0,10.0,4.0,20.0,630.0,37.0,2.0,3.0,10.0
Hearty Italian Meats on Original Crust Small 1 Slice,240.0,11.0,4.5,25.0,650.0,25.0,1.0,3.0,10.0
Chicken & Veggie Pizza on Thin Crust 1 Slice,190.0,8.0,2.5,15.0,400.0,20.0,1.0,3.0,8.0
Gatorade G2 Orange 20 oz,50.0,0.0,0.0,0.0,270.0,12.0,0.0,12.0,0.0
Spinach Alfredo Six Cheese on Original Crust Extra Large 1 Slice,350.0,14.0,8.0,40.0,790.0,39.0,2.0,3.0,15.0
Crush Cream Soda 2 Liter,950.0,0.0,0.0,0.0,360.0,254.0,0.0,250.0,0.0
Spinach Alfredo Deluxe on Thin Crust 1 Slice,220.0,14.0,6.0,35.0,570.0,20.0,1.0,1.0,10.0
Diet Wild Cherry Pepsi 20 oz,0.0,0.0,0.0,0.0,65.0,0.0,0.0,0.0,0.0
Giardineiera on Original Crust Pizza For One 1 Slice,180.0,6.0,3.0,15.0,400.0,24.0,1.0,2.0,7.0
Pepperoni Pizzazz on Original Crust Large 1 Slice,370.0,17.0,8.0,40.0,930.0,38.0,2.0,5.0,15.0
50 Garlic Parmesan Wings,6500.0,507.0,125.0,1320.0,14310.0,35.0,2.0,2.0,427.0
Cheerwine 12 oz,150.0,0.0,0.0,0.0,25.0,42.0,0.0,42.0,0.0
Lipton Sparkling Tea Raspberry 16 oz,70.0,0.0,0.0,0.0,125.0,18.0,0.0,18.0,0.0
Spicy Italian Sausage for Original Crust Large,50.0,5.0,1.5,10.0,125.0,0.0,0.0,0.0,2.0
"1 Cheesestick 12""",110.0,5.0,2.0,10.0,260.0,13.0,1.0,1.0,4.0
Hearty Italian Meats on Pan Crust 1 Slice,350.0,16.0,7.0,40.0,890.0,35.0,2.0,3.0,14.0
Pepperoni Specialty on Original Crust Large 1 Slice,350.0,16.0,7.0,40.0,910.0,38.0,2.0,5.0,13.0
Spinach Alfredo Chicken Tomato Pizza on Original Crust Small 1 Slice,200.0,7.0,3.5,20.0,470.0,25.0,1.0,2.0,9.0
Chicken BBQ on Original Crust Extra Large 1 Slice,370.0,11.0,5.0,40.0,1100.0,48.0,2.0,11.0,17.0
White Pizza on Original Crust Pizza For One 1 Slice,180.0,6.0,3.0,15.0,350.0,24.0,1.0,2.0,7.0
Brisk Lemonade 20 oz,180.0,0.0,0.0,0.0,160.0,47.0,0.0,47.0,0.0
BBQ Sauce Extra for Original Crust Pizza For One,30.0,0.0,0.0,0.0,230.0,8.0,0.0,7.0,0.0
Lipton Pureleaf Sweet Tea 18.5 oz,160.0,0.0,0.0,0.0,0.0,42.0,0.0,42.0,0.0
Hawaiian w/ Cream Cheese on Original Crust Small 1 Slice,220.0,8.0,3.5,25.0,570.0,27.0,1.0,5.0,9.0
Gatorade Fruit Punch 64 oz,450.0,0.0,0.0,0.0,860.0,115.0,0.0,109.0,0.0
Original Sauce Light for Original Crust Large,10.0,0.0,0.0,0.0,45.0,2.0,0.0,1.0,0.0
The Meats Pizza on Original Crust Small 1 Slice,250.0,12.0,5.0,30.0,700.0,26.0,1.0,3.0,10.0
Tuscan Six Cheese Pizza on Original Crust Large 1 Slice,320.0,12.0,6.0,30.0,780.0,38.0,2.0,5.0,14.0
Chicken Bacon Ranch on Thin Crust 1 Slice,290.0,17.0,6.0,40.0,680.0,20.0,1.0,2.0,13.0
BBQ Sauce Light for Original Crust Medium,10.0,0.0,0.0,0.0,80.0,3.0,0.0,2.0,0.0
Buffalo Chicken Pizza on Pan Crust 1 Slice,360.0,17.0,5.0,35.0,910.0,37.0,2.0,3.0,12.0
Gatorade Riptide Rush 20 oz,130.0,0.0,0.0,0.0,270.0,34.0,0.0,34.0,0.0
Spinach Alfredo Sauce for Original Crust Small,15.0,1.5,1.0,5.0,55.0,0.0,0.0,0.0,1.0
Defender on Pan Crust 1 Slice,390.0,19.0,8.0,45.0,950.0,36.0,2.0,3.0,16.0
Crystal Pepsi 20 oz,250.0,0.0,0.0,0.0,90.0,69.0,0.0,69.0,0.0
Sausage Pizza on Gluten Free Crust 1 Slice,170.0,10.0,4.5,20.0,390.0,16.0,1.0,2.0,6.0
Diet Pepsi Max 2 Liter,0.0,0.0,0.0,0.0,65.0,0.0,0.0,0.0,0.0
Hawaiian Punch 2 Liter,1100.0,0.0,0.0,0.0,760.0,0.0,279.0,0.0,279.0
32 Garlic Parmesan Wings,4160.0,324.0,80.0,845.0,9160.0,23.0,1.0,1.0,273.0
Pepsi Zero Sugar 20 oz,0.0,0.0,0.0,0.0,65.0,0.0,0.0,0.0,0.0
Tropicana TWST Orange 20 oz,330.0,0.0,0.0,0.0,0.0,83.0,0.0,75.0,0.0
Chicken BBQ on Thin Crust 1 Slice,280.0,12.0,5.0,40.0,830.0,27.0,1.0,8.0,14.0
Chicken Club on Gluten Free Crust 1 Slice,160.0,8.0,3.5,25.0,420.0,17.0,1.0,2.0,8.0
16 Unsauced Roasted Wings,1620.0,113.0,29.0,415.0,2920.0,8.0,0.0,1.0,133.0
Double Bacon Six Cheese Pizza on Original Crust Pizza For One 1 Slice,240.0,10.0,4.5,25.0,650.0,25.0,1.0,3.0,11.0
Hearty Italian Meats on Original Crust Pizza For One 1 Slice,250.0,11.0,4.5,25.0,670.0,25.0,1.0,3.0,10.0
Giardineiera on Pan Crust 1 Slice,290.0,11.0,4.0,20.0,650.0,36.0,2.0,3.0,9.0
Chicken Veggie Lite Chicken Delight on Original Crust Small 1 Slice,190.0,6.0,2.5,15.0,470.0,26.0,1.0,3.0,8.0
Diet Pepsi 12 oz,0.0,0.0,0.0,0.0,40.0,0.0,0.0,0.0,0.0
Dawg Pound Deluxe on Original Crust Small 1 Slice,220.0,9.0,4.0,20.0,530.0,26.0,1.0,3.0,8.0
Roma Tomatoes for Original Crust Pizza For One,0.0,0.0,0.0,0.0,0.0,0.0,0.0,0.0,0.0
Ranch Sauce Extra for Original Crust Small,45.0,4.5,0.5,5.0,110.0,1.0,0.0,1.0,0.0
Mountain Dew Kickstart Lime 16 oz,80.0,0.0,0.0,0.0,250.0,20.0,0.0,19.0,0.0
The Meats Pizza on Thin Crust 1 Slice,300.0,19.0,7.0,45.0,820.0,20.0,1.0,2.0,13.0
Tuscan Six Cheese Pizza on Pan Crust 1 Slice,310.0,13.0,5.0,25.0,720.0,36.0,2.0,3.0,12.0
Pepperoni & Sausage Pizza on Original Crust Large 1 Slice,360.0,17.0,7.0,35.0,910.0,38.0,2.0,5.0,13.0
Buffalo Chicken Pizza on Original Crust Small 1 Slice,250.0,11.0,4.0,25.0,680.0,27.0,1.0,3.0,9.0
Lipton Pureleaf Peach Tea 18.5 oz,110.0,0.0,0.0,0.0,0.0,29.0,0.0,29.0,0.0
Egg & Cheese on Original Crust Large 1 Slice,340.0,16.0,6.0,135.0,780.0,37.0,1.0,3.0,13.0
Dr Pepper 20 oz,250.0,0.0,0.0,0.0,90.0,68.0,0.0,68.0,0.0
Thin Crust,110.0,4.0,0.5,0.0,125.0,16.0,0.0,0.0,3.0
Pepperoni Pizza on Original Crust Pizza For One 1 Slice,220.0,10.0,4.0,25.0,580.0,25.0,1.0,3.0,8.0
Mountain Dew 20 oz,280.0,0.0,0.0,0.0,100.0,78.0,0.0,78.0,0.0
Cherry Dr Pepper 20 oz,260.0,0.0,0.0,0.0,100.0,71.0,0.0,69.0,0.0
Cherry Vanilla Pepsi 2 Liter,740.0,0.0,0.0,0.0,190.0,200.0,0.0,200.0,0.0
Pepperoni Pizzazz on Original Crust Pizza For One 1 Slice,240.0,11.0,4.5,25.0,600.0,25.0,1.0,3.0,10.0
Sausage for Original Crust Small,40.0,4.0,1.5,5.0,105.0,0.0,0.0,0.0,1.0
Mediterranean Veggie Pizza on Original Crust Medium 1 Slice,180.0,4.5,2.0,5.0,450.0,27.0,1.0,4.0,6.0
Hawaiian on Original Crust Large 1 Slice,300.0,9.0,4.0,25.0,820.0,40.0,2.0,7.0,12.0
Who Dey on Original Crust Pizza For One 1 Slice,240.0,11.0,4.5,25.0,600.0,25.0,1.0,3.0,9.0
Light Cheese for Original Crust Pizza For One,40.0,3.0,2.0,10.0,125.0,1.0,0.0,0.0,2.0
Pepperoncinis,0.0,0.0,0.0,0.0,140.0,0.0,0.0,4.0,0.0
Taco Pizza on Original Crust Medium 1 Slice,280.0,12.0,5.0,25.0,680.0,32.0,2.0,3.0,11.0
Mediterranean Veggie Pizza on Original Crust Large 1 Slice,250.0,7.0,2.5,10.0,630.0,38.0,2.0,5.0,8.0
Crush Grape 20 oz,270.0,0.0,0.0,0.0,110.0,72.0,0.0,71.0,0.0
BBQ Sauce for Original Crust Pizza For One,25.0,0.0,0.0,0.0,170.0,6.0,0.0,5.0,0.0
Hearty Italian Meats on Original Crust Medium 1 Slice,270.0,13.0,6.0,35.0,740.0,27.0,1.0,3.0,12.0
Hawaiian BBQ Chicken Pizza on Original Crust Pizza For One 1 Slice,250.0,8.0,3.5,30.0,740.0,32.0,1.0,9.0,12.0
Papas St Louis on Original Crust Medium 1 Slice,290.0,15.0,6.0,30.0,710.0,26.0,1.0,3.0,11.0
Tropical Luau Pizza on Original Crust Large 1 Slice,260.0,6.0,2.5,15.0,670.0,39.0,2.0,6.0,10.0
Spinach Alfredo Delight on Thin Crust 1 Slice,220.0,12.0,5.0,30.0,510.0,19.0,1.0,1.0,9.0
Dr Pepper 2 Liter,850.0,0.0,0.0,0.0,300.0,228.0,0.0,228.0,0.0
Diet Mountain Dew 12 oz,5.0,0.0,0.0,0.0,5.0,0.0,0.0,0.0,0.0
Chicken Club on Original Crust 1 Slice Extra Large,340.0,12.0,5.0,40.0,900.0,42.0,2.0,6.0,16.0
Tropical Luau Pizza on Thin Crust 1 Slice,180.0,8.0,2.5,15.0,450.0,21.0,1.0,4.0,7.0
Ultimate Meats on Original Crust Small 1 Slice,270.0,13.0,5.0,30.0,800.0,26.0,1.0,3.0,11.0
Spicy Italian Pizza on Pan Crust 1 Slice,350.0,17.0,6.0,35.0,820.0,36.0,2.0,3.0,12.0
Grilled Chicken & Canadian Bacon Pizza on Original Crust Large 1 Slice,270.0,7.0,2.5,25.0,750.0,37.0,2.0,5.0,13.0
Spinach Alfredo Six Cheese on Thin Crust 1 Slice,260.0,15.0,7.0,35.0,540.0,18.0,0.0,1.0,12.0
Spicy Italian Pizza on Original Crust Extra Large 1 Slice,400.0,19.0,8.0,40.0,980.0,40.0,2.0,5.0,15.0
Italian Sandwich,810.0,48.0,17.0,100.0,3180.0,59.0,4.0,3.0,33.0
Garden Fresh Pizza on Original Crust Large 1 Slice,280.0,9.0,4.0,20.0,680.0,39.0,2.0,5.0,10.0
Spinach Alfredo on Gluten Free Crust 1 Slice,140.0,7.0,4.0,20.0,280.0,15.0,1.0,1.0,5.0
Pepsi Mexico 12 oz,220.0,0.0,0.0,0.0,50.0,58.0,0.0,58.0,0.0
Giardineiera on Original Crust Medium 1 Slice,190.0,6.0,3.0,15.0,420.0,25.0,1.0,2.0,7.0
6 Chicken Poppers,320.0,13.0,2.0,70.0,930.0,25.0,1.0,1.0,20.0
"1 Bacon Green Chile Cheesestick 10""",110.0,5.0,2.0,10.0,260.0,11.0,1.0,1.0,4.0
Canada Dry 2 Liter,680.0,0.0,0.0,0.0,210.0,186.0,0.0,186.0,0.0
Spinach Alfredo Pizza on Original Crust Medium 1 Slice,200.0,7.0,4.0,20.0,650.0,36.0,1.0,3.0,10.0
Spinach Alfredo Chicken Tomato Pizza on Original Crust Medium 1 Slice,210.0,8.0,4.0,25.0,520.0,26.0,1.0,3.0,10.0
Brisk Pink Lemonade 20 oz,180.0,0.0,0.0,0.0,160.0,45.0,0.0,45.0,0.0
White Pizza on Original Crust Small 1 Slice,190.0,7.0,3.5,15.0,380.0,25.0,1.0,2.0,7.0
Papas St Louis on Original Crust Small 1 Slice,270.0,14.0,6.0,30.0,680.0,25.0,1.0,3.0,11.0
Hearty Italian Meats on Thin Crust 1 Slice,300.0,18.0,7.0,40.0,790.0,20.0,1.0,2.0,13.0
Buffalo Chicken Hoagie,750.0,23.0,11.0,145.0,3610.0,75.0,4.0,8.0,64.0
Pibb Xtra 20 oz,250.0,0.0,0.0,0.0,75.0,65.0,0.0,65.0,0.0
BBQ Chicken Bacon Pizza on Original Crust Small 1 Slice,230.0,7.0,3.5,25.0,660.0,30.0,1.0,7.0,10.0
Powerade Mountain Blast 20 oz,130.0,0.0,0.0,0.0,250.0,35.0,0.0,33.0,0.0
Gatorade Fierce Melon 20 oz,130.0,0.0,0.0,0.0,270.0,35.0,0.0,35.0,0.0
Jalapeno Peppers for Original Crust Large,0.0,0.0,0.0,0.0,65.0,0.0,0.0,0.0,0.0
16 Wings w/ Buffalo Sauce,1670.0,115.0,30.0,415.0,5840.0,16.0,2.0,6.0,133.0
Tuscan Garden Special on Original Crust Extra Large 1 Slice,340.0,12.0,4.5,20.0,770.0,45.0,3.0,6.0,11.0
Original Sauce for Original Crust Pizza For One,10.0,0.0,0.0,0.0,65.0,1.0,0.0,1.0,0.0
Papas St Louis on Original Crust Pizza For One 1 Slice,260.0,13.0,6.0,30.0,640.0,25.0,1.0,3.0,10.0
Spinach Alfredo Sauce Extra for Original Crust Small,25.0,2.5,1.5,5.0,85.0,1.0,0.0,0.0,1.0
Sausage Pizza on Original Crust Pizza For One 1 Slice,230.0,10.0,4.5,20.0,580.0,25.0,1.0,3.0,8.0
Tropical Luau Pizza on Original Crust Medium 1 Slice,180.0,4.5,2.0,10.0,470.0,27.0,1.0,4.0,7.0
Coke Zero 2 Liter,0.0,0.0,0.0,0.0,230.0,222.0,0.0,0.0,0.0
Chicken for Original Crust Large,20.0,0.0,0.0,15.0,105.0,0.0,0.0,0.0,5.0
White Veggie on Pan Crust 1 Slice,380.0,22.0,6.0,20.0,790.0,35.0,2.0,2.0,9.0
Cheerwine 20 oz,250.0,0.0,0.0,0.0,45.0,70.0,0.0,70.0,0.0
Special Seasonings,5.0,0.0,0.0,0.0,420.0,1.0,0.0,0.0,0.0
Mediterranean Veggie Pizza on Original Crust Pizza For One 1 Slice,180.0,5.0,2.5,10.0,460.0,26.0,1.0,4.0,6.0
Sprite 2 Liter,890.0,0.0,0.0,0.0,200.0,227.0,0.0,201.0,1.0
BBQ Chicken Bacon Pizza on Original Crust Medium 1 Slice,240.0,8.0,3.5,25.0,730.0,32.0,1.0,8.0,11.0
Diet Wild Cherry Pepsi 2 Liter,0.0,0.0,0.0,0.0,210.0,0.0,0.0,0.0,0.0
Chicken Club on Original Crust Small 1 Slice,220.0,8.0,3.5,25.0,570.0,26.0,1.0,4.0,10.0
Sausage Pizza Thin Crust 1 Slice,260.0,16.0,6.0,30.0,590.0,20.0,1.0,2.0,9.0
Double Bacon Six Cheese Pizza on Original Crust Large 1 Slice,350.0,14.0,6.0,40.0,960.0,38.0,2.0,5.0,17.0
BBQ Bacon Sandwich,510.0,23.0,10.0,75.0,880.0,46.0,2.0,12.0,27.0
Cherry Vanilla Dr Pepper 2 Liter,810.0,0.0,0.0,0.0,340.0,220.0,0.0,213.0,0.0
Pepperoni & Sausage Pizza on Original Crust Small 1 Slice,240.0,11.0,4.5,25.0,600.0,25.0,1.0,3.0,8.0
Chicken BBQ on Original Crust Small 1 Slice,230.0,7.0,3.5,25.0,700.0,30.0,1.0,7.0,11.0
Who Dey on Thin Crust 1 Slice,270.0,17.0,6.0,35.0,640.0,20.0,1.0,2.0,11.0
Sunkist Orange 2 Liter,1100.0,0.0,0.0,0.0,250.0,296.0,0.0,296.0,0.0
Sprite 20 oz,260.0,0.0,0.0,0.0,60.0,67.0,0.0,59.0,0.0
The Meats Pizza on Original Crust Pizza for One 1 Slice,260.0,12.0,5.0,30.0,720.0,26.0,1.0,3.0,11.0
Ultimate Pepperoni on Pan Crust 1 Slice,360.0,17.0,7.0,35.0,880.0,36.0,2.0,3.0,13.0
Double Bacon Six Cheese Pizza on Pan Crust 1 Slice,340.0,14.0,6.0,35.0,790.0,36.0,1.0,3.0,17.0
Spinach Alfredo Delight on Original Crust Large 1 Slice,290.0,10.0,5.0,30.0,730.0,37.0,2.0,4.0,12.0
Countrytime Strawberry Lemonade 20 oz,230.0,0.0,0.0,0.0,180.0,60.0,0.0,60.0,0.0
3 Cheese Blend for Original Crust Pizza For One,20.0,1.5,1.0,5.0,35.0,0.0,0.0,0.0,1.0
Dawg Pound Deluxe on Thin Crust 1 Slice,250.0,15.0,6.0,30.0,580.0,21.0,1.0,2.0,9.0
Lipton Ice Tea Pomegranate Blueberry 20 oz,130.0,0.0,0.0,0.0,125.0,33.0,0.0,33.0,0.0
A&W Cream Soda 20 oz,300.0,0.0,0.0,0.0,75.0,78.0,0.0,78.0,0.0
Sicilian Classic on Original Crust Pizza For One 1 Slice,260.0,12.0,5.0,35.0,730.0,25.0,1.0,3.0,11.0
Crush Grape 2 Liter,910.0,0.0,0.0,0.0,370.0,243.0,0.0,240.0,0.0
Lipton 1/2 & 1/2 20 oz,120.0,0.0,0.0,0.0,260.0,31.0,0.0,31.0,0.0
Pepperoni Pizzazz on Thin Crust 1 Slice,300.0,19.0,8.0,40.0,710.0,20.0,1.0,2.0,13.0
Lipton Pureleaf Diet Peach Tea 18.5 oz,0.0,0.0,0.0,0.0,0.0,0.0,0.0,0.0,0.0
Chicken & Veggie Pizza on Pan Crust 1 Slice,230.0,6.0,2.0,15.0,540.0,35.0,2.0,3.0,9.0
Coke 2 Liter,820.0,0.0,0.0,0.0,270.0,222.0,0.0,222.0,0.0
Cheese Dipping Sauce,40.0,3.5,1.0,5.0,0.0,2.0,0.0,0.0,1.0
Garden Special White on Pan Crust 1 Slice,290.0,12.0,5.0,25.0,570.0,35.0,2.0,2.0,10.0
Cheese Pizza on Thin Crust 1 Slice,210.0,11.0,4.5,25.0,490.0,20.0,1.0,2.0,8.0
Extra Cheese for Original Crust Pizza For One,70.0,5.0,3.0,20.0,210.0,1.0,0.0,0.0,4.0
Pepperoni for Original Crust Pizza For One,40.0,3.5,1.5,10.0,115.0,0.0,0.0,0.0,1.0
Schweppes Ginger Ale 20 oz,200.0,0.0,0.0,0.0,65.0,55.0,0.0,55.0,0.0
9 Chicken Poppers,480.0,19.0,3.5,105.0,1390.0,38.0,1.0,1.0,29.0
Spinach Alfredo Pizza on Original Crust Small 1 Slice,190.0,7.0,3.5,20.0,430.0,24.0,1.0,2.0,7.0
Original Sauce Extra for Original Crust Large,20.0,0.5,0.0,0.0,125.0,3.0,0.0,2.0,0.0
Brisk Lemonade 2 Liter,610.0,0.0,0.0,0.0,540.0,159.0,0.0,159.0,0.0
Island Fresh w/ Chicken on Original Crust Medium 1 Slice,210.0,6.0,3.0,20.0,520.0,28.0,1.0,3.0,10.0
Garden Fresh Pizza on Original Crust Medium 1 Slice,200.0,7.0,3.0,15.0,480.0,27.0,2.0,4.0,7.0
Spinach Alfredo Sauce Extra for Original Crust Large,40.0,3.5,2.0,10.0,125.0,1.0,0.0,0.0,1.0
Tuscan Garden Special on Original Crust Medium 1 Slice,230.0,8.0,3.0,15.0,520.0,30.0,2.0,4.0,8.0
Crush Peach 20 oz,310.0,0.0,0.0,0.0,105.0,83.0,0.0,81.0,0.0
Spinach Alfredo Deluxe on Original Crust Medium 1 Slice,210.0,8.0,4.0,25.0,530.0,26.0,1.0,3.0,9.0
Mtn Dew Kickstart Pineapple Orange Mango 12 oz,60.0,0.0,0.0,0.0,130.0,15.0,0.0,14.0,0.0
Tuscan Garlic Chicken on Original Crust Small 1 Slice,250.0,11.0,3.5,25.0,560.0,27.0,1.0,3.0,10.0
Special Garlic Dipping Sauce,150.0,17.0,3.0,0.0,310.0,0.0,0.0,0.0,0.0
Dr Pepper 10 20 oz,20.0,0.0,0.0,0.0,100.0,5.0,0.0,4.0,0.0
Mountain Dew Livewire 20 oz,290.0,0.0,0.0,0.0,105.0,77.0,0.0,77.0,0.0
50 Wings w/ Honey Chipotle Sauce,5640.0,354.0,92.0,1295.0,11320.0,171.0,4.0,132.0,417.0
The Big Bonanza on Gluten Free Crust 1 Slice,200.0,9.0,4.5,25.0,630.0,21.0,1.0,6.0,8.0
Lipton Pureleaf Raspberry Tea 18.5 oz,180.0,0.0,0.0,0.0,0.0,46.0,0.0,46.0,0.0
Pepperoni Specialty on Original Crust Extra Large 1 Slice,380.0,17.0,8.0,45.0,990.0,41.0,2.0,5.0,15.0
Cinnamon Pull Aparts 1 Tray,1960.0,94.0,36.0,60.0,1660.0,264.0,8.0,150.0,19.0
Hawaiian Chicken Pizza on Original Crust Small 1 Slice,180.0,4.0,1.5,15.0,440.0,26.0,1.0,4.0,8.0
Cherry Vanilla Pepsi 20 oz,220.0,0.0,0.0,0.0,55.0,59.0,0.0,59.0,0.0
8 Garlic Parmesan Wings,1040.0,81.0,20.0,210.0,2290.0,6.0,0.0,0.0,68.0
The Meats Pizza on Original Crust Extra Large 1 Slice,410.0,19.0,8.0,45.0,1130.0,41.0,2.0,5.0,17.0
"1 Jalapeno Cheesestick 12""",110.0,5.0,2.0,10.0,280.0,13.0,1.0,1.0,4.0
Mountain Dew Kickstart Orange Citrus 16 oz,80.0,0.0,0.0,0.0,180.0,21.0,0.0,20.0,0.0
Bacon Cheddarburger on Original Crust Pizza For One 1 Slice,290.0,16.0,6.0,35.0,700.0,26.0,1.0,4.0,11.0
Spinach Alfredo Chicken Tomato Pizza on Original Crust Pizza For One 1 Slice,220.0,8.0,4.5,30.0,550.0,25.0,1.0,3.0,11.0
Tuscan Garden Special on Original Crust Pizza For One 1 Slice,210.0,8.0,2.5,10.0,480.0,28.0,2.0,4.0,7.0
Chicken BBQ on Original Crust Large 1 Slice,350.0,11.0,5.0,40.0,1040.0,45.0,2.0,11.0,17.0
BBQ Dipping Sauce,45.0,0.0,0.0,0.0,240.0,11.0,0.0,10.0,0.0
Parmesan Romano for Original Crust Small,15.0,1.0,0.0,5.0,35.0,0.0,0.0,0.0,1.0
Meatball Sandwich,1200.0,75.0,27.0,255.0,1890.0,73.0,5.0,9.0,54.0
Papas St Louis on Thin Crust 1 Slice,330.0,22.0,9.0,45.0,790.0,20.0,1.0,2.0,13.0
Chicken Parm Calzone,300.0,10.0,5.0,40.0,680.0,37.0,1.0,3.0,15.0
Bennys Italian Beef on Original Crust Medium 1 Slice,230.0,8.0,3.5,25.0,530.0,27.0,1.0,3.0,12.0
Gatorade G2 Grape 20 oz,160.0,0.0,0.0,0.0,240.0,39.0,0.0,32.0,0.0
Smokehouse Bacon & Ham on Original Crust Medium 1 Slice,240.0,9.0,4.0,25.0,690.0,28.0,1.0,4.0,11.0
Cheerwine 2 Liter,850.0,0.0,0.0,0.0,140.0,237.0,0.0,237.0,0.0
The Workin Fire on Original Crust Pizza For One 1 Slice,240.0,11.0,4.5,25.0,600.0,25.0,1.0,3.0,9.0
Bacon Egg & Cheese on Original Crust Large 1 Slice,390.0,20.0,7.0,145.0,960.0,38.0,1.0,3.0,16.0
Tuscan Garlic Chicken on Original Crust Pizza For One 1 Slice,280.0,13.0,4.0,30.0,640.0,27.0,2.0,3.0,12.0
Dr Wham 20 oz,250.0,0.0,0.0,0.0,65.0,65.0,0.0,65.0,0.0
Tuscan Garlic Chicken on Original Crust Extra Large 1 Slice,410.0,17.0,5.0,45.0,940.0,43.0,2.0,5.0,19.0
Mountain Dew Kickstart Blueberry Pomegranate 12 oz,60.0,0.0,0.0,0.0,125.0,15.0,0.0,14.0,0.0
Hawaiian BBQ Chicken Pizza on Thin Crust 1 Slice,280.0,12.0,5.0,40.0,800.0,29.0,1.0,10.0,13.0
Hawaiian Chicken Pizza on Thin Crust 1 Slice,190.0,7.0,2.5,25.0,430.0,21.0,1.0,4.0,10.0
Hawaiian Chicken Pizza on Original Crust Extra Large 1 Slice,280.0,7.0,3.0,25.0,700.0,41.0,2.0,7.0,13.0
Pepperoni for Pan Crust,50.0,3.0,1.0,10.0,100.0,0.0,0.0,0.0,1.0
Aquafina Raspberry 20 oz,0.0,0.0,0.0,0.0,160.0,0.0,0.0,0.0,0.0
Garden Fresh Pizza on Pan Crust 1 Slice,280.0,10.0,4.0,20.0,640.0,37.0,2.0,3.0,10.0
Mtn Dew Throwback 20 oz,280.0,0.0,0.0,0.0,105.0,73.0,0.0,73.0,0.0
Pepperoni Pizza on Original Crust Small 1 Slice,210.0,8.0,3.5,20.0,530.0,25.0,1.0,3.0,8.0
Hawaiian w/ Cream Cheese on Original Crust Medium 1 Slice,230.0,8.0,4.0,25.0,610.0,28.0,1.0,5.0,9.0
Hawaiian w/ Cream Cheese on Original Crust Extra Large 1 Slice,330.0,11.0,5.0,35.0,870.0,43.0,2.0,8.0,13.0
Italian Sausage on Thin Crust 1 Slice,250.0,15.0,5.0,30.0,560.0,20.0,1.0,2.0,9.0
Diet Dr Pepper 2 Liter,0.0,0.0,0.0,0.0,300.0,0.0,0.0,0.0,0.0
Spinach Alfredo Sauce for Original Crust Extra Large,30.0,3.0,1.5,10.0,100.0,1.0,0.0,0.0,1.0
Pepperoni for Original Crust Extra Large,50.0,4.5,1.5,10.0,160.0,0.0,0.0,0.0,2.0
Grilled Chicken & Canadian Bacon Pizza on Original Crust Pizza For One 1 Slice,200.0,6.0,2.5,25.0,570.0,25.0,1.0,3.0,11.0
Tuscan Garlic Chicken on Gluten Free Crust 1 Slice,150.0,7.0,1.5,10.0,270.0,16.0,1.0,1.0,6.0
Ranch Sauce Extra for Original Crust Large,70.0,7.0,1.0,5.0,160.0,1.0,0.0,1.0,0.0
Spicy Italian Pizza on Original Crust Small 1 Slice,240.0,11.0,4.5,20.0,580.0,26.0,1.0,3.0,9.0
Lipton Pureleaf Unsweet Tea 18.5 oz,0.0,0.0,0.0,0.0,0.0,0.0,0.0,0.0,0.0
Jack-O-Lantern on Original Crust Large 1 Slice,320.0,13.0,6.0,30.0,810.0,38.0,2.0,5.0,12.0
Smokehouse Bacon & Ham on Original Crust Large 1 Slice,340.0,13.0,5.0,35.0,960.0,40.0,2.0,6.0,15.0
Sausage Pizza on Pan Crust 1 Slice,340.0,16.0,6.0,30.0,780.0,36.0,1.0,3.0,11.0
24 Wings w/ Buffalo Sauce,2510.0,173.0,45.0,620.0,8770.0,24.0,3.0,9.0,200.0
Mug Cream Soda 20 oz,300.0,0.0,0.0,0.0,100.0,80.0,0.0,80.0,0.0
Who Dey on Original Crust Medium 1 Slice,240.0,10.0,4.5,25.0,580.0,26.0,1.0,3.0,9.0
Chicken & Veggie Pizza on Original Crust Medium 1 Slice,180.0,5.0,2.0,10.0,430.0,27.0,1.0,4.0,7.0
Chicken for Original Crust Medium,15.0,0.0,0.0,10.0,80.0,0.0,0.0,0.0,4.0
Spinach Alfredo Deluxe on Original Crust Extra Large 1 Slice,310.0,11.0,6.0,30.0,780.0,39.0,2.0,4.0,13.0
Chicken Cordon Bleu on Gluten Free Crust 1 Slice,190.0,10.0,5.0,35.0,470.0,15.0,1.0,1.0,10.0
Ham & Cheese Sandwich,640.0,33.0,12.0,65.0,2290.0,58.0,3.0,3.0,26.0
BBQ Sauce for Original Crust Small,20.0,0.0,0.0,0.0,160.0,5.0,0.0,5.0,0.0
Cheese Pizza on Original Crust Extra Large 1 Slice,300.0,10.0,4.5,25.0,730.0,40.0,2.0,5.0,11.0
Spinach Alfredo Sauce Light for Original Crust Pizza For One,15.0,1.0,0.5,5.0,40.0,0.0,0.0,0.0,0.0
Diet Seven Up 20 oz,0.0,0.0,0.0,0.0,90.0,0.0,0.0,0.0,0.0
Gatorade Mango Xtreme 20 oz,140.0,0.0,0.0,0.0,270.0,36.0,0.0,34.0,0.0
Rockstar Lemonade 16 oz,20.0,0.0,0.0,0.0,220.0,6.0,0.0,6.0,0.0
The Works Pizza on Original Crust Extra Large 1 Slice,360.0,15.0,6.0,35.0,940.0,41.0,2.0,6.0,14.0
Pepsi Real Sugar 20 oz,250.0,0.0,0.0,0.0,55.0,66.0,0.0,66.0,0.0
Pepperoni & Sausage Pizza on Original Crust Extra Large 1 Slice,380.0,17.0,7.0,35.0,940.0,40.0,2.0,5.0,13.0
Chicken Bacon Ranch on Original Crust Small 1 Slice,240.0,11.0,4.0,25.0,590.0,26.0,1.0,3.0,10.0
Spicy Italian Sausage for Original Crust Pizza For One,40.0,3.5,1.0,5.0,90.0,0.0,0.0,0.0,1.0
Extra Cheese for Original Crust Small,60.0,4.5,2.5,15.0,180.0,1.0,0.0,0.0,4.0
Island Fresh w/ Chicken on Original Crust Large 1 Slice,300.0,9.0,4.0,30.0,740.0,40.0,2.0,5.0,14.0
Garden Special White on Original Crust Medium 1 Slice,210.0,8.0,4.0,20.0,420.0,27.0,1.0,3.0,8.0
Hawaiian w/ Cream Cheese on Gluten Free Crust 1 Slice,150.0,8.0,4.0,25.0,360.0,16.0,1.0,2.0,6.0
Hawaiian on Original Crust Extra Large 1 Slice,310.0,9.0,4.0,25.0,600.0,22.0,1.0,4.0,10.0
Italian Sausage on Pan Crust 1 Slice,330.0,15.0,6.0,30.0,750.0,36.0,2.0,3.0,11.0
BBQ Sauce Light for Original Crust Extra Large,20.0,0.0,0.0,0.0,140.0,5.0,0.0,4.0,0.0
1 Pepperoni Roll,120.0,6.0,2.0,10.0,260.0,12.0,0.0,1.0,4.0
Schweppes Ginger Ale 2 Liter,680.0,0.0,0.0,0.0,210.0,186.0,0.0,186.0,0.0
The Fiesta on Original Crust Large 1 Slice,330.0,13.0,6.0,30.0,840.0,38.0,2.0,5.0,12.0
Coffee 16 oz,5.0,0.0,0.0,0.0,10.0,0.0,0.0,0.0,1.0
Chicken Cordon Bleu on Original Crust Small 1 Slice,240.0,10.0,4.5,30.0,670.0,25.0,1.0,3.0,12.0
24 Wings w/ BBQ Sauce,2630.0,170.0,44.0,620.0,5830.0,60.0,2.0,43.0,200.0
Mountain Dew Kickstart Kiwi Strawberry 12 oz,60.0,0.0,0.0,0.0,130.0,15.0,0.0,14.0,0.0
Italian Sausage on Original Crust Medium 1 Slice,230.0,10.0,4.0,20.0,560.0,27.0,1.0,3.0,9.0
SoBe Energize Power Fruit Punch 20 oz,250.0,0.0,0.0,0.0,60.0,65.0,0.0,63.0,0.0
The Fiesta on Original Crust Extra Large 1 Slice,350.0,14.0,6.0,30.0,900.0,41.0,2.0,5.0,13.0
Sunkist Strawberry 20 oz,280.0,0.0,0.0,0.0,110.0,77.0,0.0,73.0,0.0
The Works Pizza on Pan Crust 1 Slice,320.0,13.0,5.0,30.0,780.0,37.0,2.0,3.0,12.0
Hawaiian Fruit Punch 12 oz,200.0,0.0,0.0,0.0,135.0,50.0,0.0,50.0,0.0
Canadian Bacon for Original Crust Small,10.0,0.5,0.0,5.0,110.0,0.0,0.0,0.0,2.0
Spinach Alfredo Deluxe on Gluten Free Crust 1 Slice,160.0,9.0,4.5,25.0,380.0,16.0,1.0,1.0,7.0
Papas St Louis on Original Crust Extra Large 1 Slice,420.0,21.0,9.0,45.0,1050.0,40.0,2.0,5.0,17.0
Bacon for Original Crust Medium,35.0,3.0,1.0,10.0,140.0,1.0,0.0,0.0,2.0
Hawaiian BBQ Chicken Pizza on Original Crust Medium 1 Slice,250.0,8.0,3.5,25.0,730.0,33.0,1.0,9.0,11.0
Ham Veggie Lite Ham Delight on Original Crust Medium,200.0,6.0,3.0,15.0,510.0,27.0,1.0,4.0,8.0
Tuscan Garlic Chicken on Original Crust Medium 1 Slice,270.0,11.0,3.5,30.0,630.0,28.0,2.0,3.0,12.0
Ultimate Meats on Original Crust Extra Large 1 Slice,430.0,21.0,8.0,50.0,1290.0,41.0,2.0,5.0,17.0
Cheese Pizza on Gluten Free Crust 1 Slice,130.0,6.0,3.0,15.0,290.0,16.0,1.0,2.0,5.0
Mountain Dew Kickstart Kiwi Strawberry 16 oz,80.0,0.0,0.0,0.0,170.0,20.0,0.0,19.0,0.0
Tuscan Six Cheese Pizza on Original Crust Small 1 Slice,220.0,8.0,4.0,20.0,530.0,26.0,1.0,3.0,9.0
Double Bacon Six Cheese Pizza on Original Crust Extra Large 1 Slice,370.0,15.0,7.0,40.0,1020.0,40.0,2.0,5.0,17.0
Cheese for Original Crust Medium,50.0,4.0,2.5,15.0,160.0,1.0,0.0,0.0,3.0
8 Wings w/ Buffalo Sauce,840.0,58.0,15.0,205.0,2920.0,8.0,1.0,3.0,67.0
SoBe Strawberry Daquiri 20 oz,250.0,1.0,0.0,0.0,70.0,63.0,0.0,62.0,0.0
Hawaiian BBQ Chicken Pizza on Gluten Free Crust 1 Slice,180.0,7.0,3.5,25.0,510.0,22.0,1.0,6.0,8.0
Wild Cherry Pepsi 2 Liter,850.0,0.0,0.0,0.0,170.0,237.0,0.0,237.0,0.0
The Works Pizza on Thin Crust Large 1 Slice,270.0,15.0,6.0,35.0,670.0,21.0,1.0,3.0,11.0
Taco Pizza on Pan Crust 1 Slice,360.0,16.0,6.0,30.0,830.0,41.0,2.0,3.0,13.0
Defender on Thin Crust 1 Slice,340.0,22.0,9.0,50.0,880.0,21.0,1.0,2.0,15.0
Dawg Pound Deluxe on Original Crust Extra Large 1 Slice,340.0,14.0,6.0,30.0,840.0,41.0,2.0,5.0,12.0
White Veggie on Thin Crust 1 Slice,230.0,14.0,4.5,20.0,450.0,19.0,1.0,1.0,7.0
"1 Breadstick 12""",130.0,2.0,0.0,0.0,240.0,24.0,1.0,2.0,4.0
Taco Pizza on Original Crust Pizza For One 1 Slice,350.0,18.0,9.0,50.0,770.0,29.0,2.0,3.0,18.0
Banana Peppers for Original Crust Large,0.0,0.0,0.0,0.0,120.0,0.0,0.0,0.0,0.0
White Pizza on Original Crust Large 1 Slice,230.0,8.0,4.0,30.0,450.0,29.0,1.0,3.0,8.0
Italian Sausage for Original Crust Large,50.0,5.0,1.5,10.0,125.0,0.0,0.0,0.0,2.0
Italian Sausage on Original Crust Small 1 Slice,160.0,7.0,3.0,15.0,390.0,19.0,1.0,2.0,6.0
Mediterranean Veggie Pizza on Thin Crust 1 Slice,180.0,8.0,2.5,10.0,410.0,20.0,1.0,2.0,5.0
Gatorade Fierce Blue Cherry 20 oz,140.0,0.0,0.0,0.0,270.0,36.0,0.0,34.0,0.0
Chicken Bacon Ranch on Original Crust Large 1 Slice,370.0,16.0,6.0,40.0,900.0,38.0,2.0,5.0,16.0
Sicilian Classic on Pan Crust 1 Slice,340.0,16.0,6.0,35.0,900.0,36.0,2.0,3.0,13.0
SoBe Blackberry Blueberry 20 oz,0.0,0.0,0.0,0.0,60.0,8.0,0.0,0.0,0.0
Zesty Jalapeno Meats on Pan Crust 1 Slice,330.0,15.0,5.0,30.0,780.0,36.0,2.0,3.0,12.0
Sicilian Classic on Original Crust Extra Large 1 Slice,390.0,18.0,7.0,45.0,1100.0,40.0,2.0,5.0,16.0
Pepperoni Pizza on Original Crust Large 1 Slice,320.0,13.0,6.0,30.0,810.0,38.0,2.0,5.0,12.0
Tuscan Garlic Chicken on Original Crust Large 1 Slice,380.0,16.0,5.0,45.0,890.0,40.0,2.0,4.0,18.0
Tuscan Garden Special on Gluten Free Crust 1 Slice,160.0,8.0,3.0,15.0,340.0,19.0,2.0,2.0,5.0
Crush Cherry 2 Liter,980.0,0.0,0.0,0.0,390.0,264.0,0.0,254.0,0.0
Pepperoni & Sausage Pizza on Thin Crust 1 Slice,310.0,20.0,8.0,40.0,750.0,20.0,1.0,2.0,11.0
Crush Grape 12 oz,160.0,0.0,0.0,0.0,65.0,43.0,0.0,43.0,0.0
Mug Root Beer 20 oz,250.0,0.0,0.0,0.0,100.0,73.0,0.0,73.0,0.0
The Workin Fire on Thin Crust 1 Slice,270.0,16.0,6.0,30.0,660.0,20.0,1.0,2.0,11.0
Who Dey on Original Crust Large 1 Slice,350.0,15.0,7.0,35.0,860.0,38.0,2.0,5.0,13.0
Pepperoni Pizzazz on Original Crust Small 1 Slice,250.0,11.0,5.0,25.0,620.0,25.0,1.0,3.0,10.0
Mountain Dew Kickstart Pineapple Orange 12 oz,60.0,0.0,0.0,0.0,130.0,15.0,0.0,14.0,0.0
Smokehouse Bacon & Ham on Original Crust Extra Large 1 Slice,350.0,13.0,5.0,35.0,1000.0,42.0,2.0,6.0,15.0
XL Double Topping on Original Crust Extra Large 1 Slice,400.0,19.0,7.0,45.0,1010.0,41.0,2.0,5.0,15.0
Papas St Louis on Pan Crust 1 Slice,380.0,19.0,8.0,40.0,900.0,36.0,2.0,3.0,15.0
Crush Strawberry 20 oz,290.0,0.0,0.0,0.0,110.0,77.0,0.0,75.0,0.0
Spinach Alfredo Delight on Original Crust Extra Large 1 Slice,310.0,11.0,6.0,30.0,780.0,39.0,2.0,4.0,13.0
45 Chicken Poppers,2390.0,94.0,16.0,520.0,6960.0,191.0,7.0,7.0,147.0
Crushed Red Pepper,5.0,0.0,0.0,0.0,0.0,1.0,0.0,0.0,0.0
Hawaiian BBQ Chicken Pizza on Original Crust Small 1 Slice,230.0,7.0,3.5,25.0,660.0,31.0,1.0,8.0,10.0
Bacon for Pan Crust,35.0,2.5,1.0,10.0,140.0,1.0,0.0,0.0,2.0
"1 Bacon Jalapeno Cheesestick 10""",110.0,5.0,2.0,10.0,280.0,11.0,0.0,1.0,4.0
Dr Pepper 10 2 Liter,70.0,0.0,0.0,0.0,340.0,17.0,0.0,14.0,0.0
Ranch Sauce,100.0,10.0,1.5,10.0,240.0,2.0,0.0,1.0,1.0
Ultimate Meats on Pan Crust 1 Slice,350.0,16.0,6.0,35.0,970.0,36.0,2.0,3.0,13.0
32 Unsauced Roasted Wings,3240.0,226.0,59.0,825.0,5830.0,16.0,0.0,1.0,265.0
Spinach Alfredo Delight on Gluten Free Crust 1 Slice,160.0,8.0,4.5,25.0,400.0,15.0,1.0,1.0,7.0
Barqs Root Beer 20 oz,270.0,0.0,0.0,0.0,115.0,75.0,0.0,75.0,0.0
Johns Favorite Pizza on Original Crust Pizza For One 1 Slice,280.0,15.0,6.0,35.0,670.0,24.0,1.0,2.0,11.0
Ultimate Pepperoni on Gluten Free Crust 1 Slice,210.0,13.0,6.0,30.0,530.0,16.0,1.0,2.0,8.0
Jalapeno Peppers,5.0,0.0,0.0,0.0,105.0,1.0,0.0,0.0,0.0
Sausage for Original Crust Medium,45.0,4.5,1.5,10.0,120.0,0.0,0.0,0.0,1.0
Pepperoni Pizza on Pan Crust 1 Slice,340.0,16.0,6.0,35.0,820.0,36.0,2.0,3.0,12.0
Johns Favorite Pizza on Original Crust Extra Large 1 Slice,410.0,21.0,9.0,45.0,960.0,38.0,1.0,3.0,16.0
Tuscan Garlic Chicken on Thin Crust 1 Slice,310.0,17.0,5.0,45.0,670.0,22.0,1.0,2.0,15.0
32 Wings w/ BBQ Sauce,3500.0,227.0,59.0,825.0,7770.0,80.0,2.0,57.0,267.0
Mountain Dew Voltage 20 oz,290.0,0.0,0.0,0.0,105.0,76.0,0.0,76.0,0.0
"1 Wisconsin Cheese Stuffed Cheesestick 10""",210.0,8.0,4.0,15.0,420.0,24.0,1.0,2.0,8.0
Bennys Italian Beef on Pan Crust 1 Slice,300.0,11.0,3.5,25.0,630.0,36.0,2.0,3.0,13.0
"1 Six Cheese Cheesestick 12""",130.0,6.0,3.0,15.0,310.0,13.0,1.0,1.0,5.0
Pepperoni & Sausage Pizza on Gluten Free Crust 1 Slice,190.0,12.0,5.0,25.0,450.0,16.0,1.0,2.0,7.0
Spinach Alfredo Deluxe on Original Crust Small 1 Slice,200.0,7.0,3.5,20.0,490.0,25.0,1.0,3.0,8.0
Mountain Dew Game Fuel 2 Liter,570.0,0.0,0.0,0.0,360.0,156.0,0.0,156.0,0.0
Giardineiera on Original Crust Large 1 Slice,260.0,9.0,4.0,20.0,580.0,36.0,1.0,3.0,10.0
Taco Pizza on Original Crust Large 1 Slice,410.0,18.0,8.0,35.0,1000.0,46.0,3.0,5.0,16.0
Bacon Cheddarburger on Original Crust Extra Large 1 Slice,430.0,22.0,8.0,45.0,1030.0,41.0,2.0,5.0,15.0
White Veggie on Original Crust Pizza For One 1 Slice,210.0,9.0,3.5,15.0,470.0,25.0,1.0,3.0,7.0
SoBe Energy Citrus 20 oz,250.0,0.0,0.0,0.0,55.0,64.0,0.0,63.0,0.0
Sausage Pizza on Original Crust Large 1 Slice,330.0,14.0,6.0,30.0,810.0,38.0,2.0,5.0,12.0
Spinach Alfredo Sauce Light for Original Crust Small,10.0,1.0,0.0,0.0,30.0,0.0,0.0,0.0,0.0
Ranch Sauce Extra for Original Crust Medium,50.0,5.0,1.0,5.0,125.0,1.0,0.0,1.0,0.0
Diet Mountain Dew 2 Liter,35.0,0.0,0.0,0.0,290.0,1.0,0.0,1.0,0.0
White Veggie on Original Crust Small 1 Slice,200.0,9.0,3.0,15.0,440.0,25.0,1.0,3.0,7.0
White Veggie on Original Crust Extra Large 1 Slice,320.0,13.0,5.0,20.0,690.0,39.0,2.0,4.0,10.0
Bacon Cheddarburger on Pan Crust 1 Slice,330.0,14.0,6.0,30.0,770.0,36.0,2.0,3.0,12.0
Tuscan Garden Special on Thin Crust 1 Slice,250.0,13.0,4.0,20.0,510.0,24.0,2.0,3.0,8.0
Grapico 2 Liter,790.0,0.0,0.0,0.0,170.0,197.0,0.0,197.0,0.0
Lipton Pureleaf Lemon 18.5 oz,160.0,0.0,0.0,0.0,0.0,41.0,0.0,41.0,0.0
Spinach Alfredo Sauce Light for Original Crust Extra Large,15.0,1.5,1.0,5.0,50.0,0.0,0.0,0.0,0.0
The Fiesta on Original Crust Small 1 Slice,220.0,9.0,4.0,20.0,560.0,26.0,1.0,3.0,8.0
Cherry Seven Up 20 oz,250.0,0.0,0.0,0.0,125.0,65.0,0.0,65.0,0.0
Diet Seven Up 2 Liter,0.0,0.0,0.0,0.0,300.0,0.0,0.0,0.0,0.0
Sicilian Classic on Thin Crust 1 Slice,300.0,18.0,7.0,45.0,830.0,20.0,1.0,2.0,13.0
Crush Orange 20 oz,300.0,0.0,0.0,0.0,75.0,85.0,0.0,85.0,0.0
Parmesan Romano for Original Crust Medium,15.0,1.0,0.5,5.0,40.0,0.0,0.0,0.0,1.0
Tuscan Six Cheese Pizza on Original Crust Medium 1 Slice,230.0,9.0,4.5,20.0,560.0,27.0,1.0,3.0,10.0
Dawg Pound Deluxe on Original Crust Large 1 Slice,330.0,13.0,6.0,30.0,800.0,39.0,2.0,5.0,12.0
Gatorade Orange 64 oz,450.0,0.0,0.0,0.0,110.0,115.0,0.0,109.0,0.0
Tropical Luau Pizza on Original Crust Small 1 Slice,170.0,4.5,1.5,10.0,450.0,26.0,1.0,4.0,6.0
White Pizza on Thin Crust 1 Slice,210.0,11.0,5.0,25.0,580.0,39.0,1.0,4.0,11.0
24 Unsauced Roasted Wings,2430.0,170.0,44.0,620.0,4380.0,12.0,0.0,1.0,199.0
White Pizza on Original Crust Medium 1 Slice,200.0,7.0,3.5,20.0,400.0,26.0,1.0,2.0,8.0
Hawaiian Volcano on Pan Crust 1 Slice,330.0,13.0,4.5,30.0,910.0,39.0,2.0,6.0,12.0
Mushrooms for Pizza For One,0.0,0.0,0.0,0.0,0.0,0.0,0.0,0.0,0.0
Diet Mist Twst 1.25 Liter,530.0,0.0,0.0,0.0,105.0,137.0,0.0,137.0,0.0
Pepsi 1.25 Liter,530.0,0.0,0.0,0.0,115.0,146.0,0.0,146.0,0.0
Pepsi 20 oz,250.0,0.0,0.0,0.0,55.0,69.0,0.0,69.0,0.0
SoBe Pomegranate Cherry 20 oz,100.0,0.0,0.0,0.0,55.0,26.0,0.0,25.0,0.0
Beef for Original Crust Pizza For One,25.0,2.0,1.0,5.0,85.0,0.0,0.0,0.0,1.0
Welchs Grape Soda 12 oz,200.0,0.0,0.0,0.0,60.0,51.0,0.0,51.0,0.0
Chicken Veggie Lite Chicken Delight on Original Crust Large 1 Slice,290.0,9.0,4.0,30.0,730.0,39.0,2.0,5.0,14.0
Hawaiian Chicken Pizza on Original Crust Large 1 Slice,270.0,6.0,2.5,25.0,650.0,39.0,2.0,6.0,12.0
Bacon for Original Crust Pizza For One,35.0,2.5,1.0,10.0,130.0,1.0,0.0,0.0,2.0
Gatorade Fierce Grape 20 oz,500.0,0.0,0.0,0.0,550.0,125.0,0.0,115.0,0.0
Rockstar Sugar Free 16 oz,20.0,0.0,0.0,0.0,230.0,3.0,0.0,0.0,1.0
Veggie Calzone,290.0,10.0,5.0,25.0,580.0,38.0,2.0,4.0,11.0
Pepperoni for Original Crust Medium,35.0,3.0,1.0,10.0,100.0,0.0,0.0,0.0,1.0
Spinach Alfredo Six Cheese on Original Crust Medium 1 Slice,240.0,10.0,5.0,25.0,550.0,26.0,1.0,2.0,10.0
The Meats Pizza on Original Crust Medium 1 Slice,260.0,11.0,5.0,30.0,710.0,27.0,1.0,3.0,11.0
"1 Cheesestick 10""",90.0,4.0,1.5,10.0,210.0,10.0,0.0,1.0,3.0
Western Omelet on Original Crust Large 1 Slice,380.0,18.0,7.0,145.0,950.0,38.0,2.0,4.0,16.0
Ultimate Pepperoni on Original Crust Large 1 Slice,390.0,19.0,8.0,45.0,1030.0,38.0,2.0,5.0,15.0
Ultimate Pepperoni on Original Crust Small 1 Slice,260.0,12.0,5.0,30.0,680.0,26.0,1.0,3.0,10.0
The Workin Fire on Pan Crust 1 Slice,330.0,15.0,5.0,30.0,780.0,36.0,2.0,3.0,12.0
Mug Root Beer 2 Liter,850.0,0.0,0.0,0.0,340.0,245.0,0.0,245.0,0.0
The Fiesta on Original Crust Pizza For One 1 Slice,220.0,9.0,4.0,20.0,580.0,26.0,1.0,3.0,8.0
A&W Cream Soda 2 Liter,1010.0,0.0,0.0,0.0,250.0,262.0,0.0,262.0,0.0
Tuscan Six Cheese Pizza on Original Crust Pizza For One 1 Slice,220.0,9.0,4.0,20.0,550.0,25.0,1.0,3.0,10.0
Banana Peppers,5.0,0.0,0.0,0.0,200.0,1.0,0.0,0.0,0.0
Sicilian Classic on Original Crust Small 1 Slice,240.0,10.0,4.5,25.0,670.0,25.0,1.0,3.0,10.0
"1 Six Cheese Cheesestick 10""",110.0,5.0,2.5,10.0,250.0,11.0,0.0,1.0,4.0
Sausage for Original Crust Large,60.0,6.0,2.0,10.0,160.0,0.0,0.0,0.0,2.0
Hawaiian w/ Cream Cheese on Pan Crust 1 Slice,310.0,12.0,5.0,30.0,770.0,38.0,2.0,5.0,12.0
Gatorade Tropical Mango 20 oz,140.0,0.0,0.0,0.0,270.0,36.0,0.0,34.0,0.0
Smokehouse Bacon & Ham on Original Crust Small 1 Slice,230.0,8.0,3.5,25.0,640.0,27.0,1.0,4.0,10.0
Tuscan Garden Special on Original Crust Small 1 Slice,210.0,8.0,3.0,15.0,490.0,28.0,2.0,4.0,7.0
Bacon Cheddarburger on Thin Crust 1 Slice,320.0,22.0,7.0,40.0,740.0,20.0,1.0,2.0,12.0
Cheese Pizza on Original Crust Large 1 Slice,290.0,10.0,4.5,25.0,710.0,38.0,2.0,5.0,11.0
Parmesan Romano for Original Crust Pizza For One,15.0,1.0,0.0,5.0,30.0,0.0,0.0,0.0,1.0
Brisk Fruit Punch 20 oz,180.0,0.0,0.0,0.0,140.0,48.0,0.0,48.0,0.0
Original Crust for Pizza For One,120.0,2.0,0.0,0.0,230.0,23.0,1.0,2.0,3.0
"1 Jalapeno Cheesestick 10""",90.0,4.0,1.5,10.0,230.0,11.0,0.0,1.0,3.0
Ranch Sauce for Original Crust Small,35.0,3.5,0.5,5.0,80.0,1.0,0.0,0.0,0.0
Pepsi Real Sugar 2 Liter,850.0,0.0,0.0,0.0,190.0,223.0,0.0,223.0,0.0
1 Mozzarella Stick,80.0,5.0,2.0,5.0,180.0,5.0,0.0,0.0,4.0
Hawaiian Calzone,300.0,10.0,5.0,30.0,660.0,39.0,1.0,6.0,12.0
Hawaiian BBQ Chicken Pizza on Original Crust Extra Large 1 Slice,370.0,11.0,5.0,40.0,1070.0,50.0,2.0,13.0,16.0
Mountain Dew Kickstart Fruit Punch 16 oz,80.0,0.0,0.0,0.0,170.0,20.0,0.0,19.0,0.0
Mountain Dew Kickstart Energizing Watermelon 12 oz,60.0,0.0,0.0,0.0,130.0,16.0,0.0,15.0,0.0
Tuscan Garden Special on Pan Crust 1 Slice,310.0,12.0,4.0,20.0,680.0,39.0,2.0,4.0,10.0
Dawg Pound Deluxe on Original Crust Medium 1 Slice,210.0,7.0,3.5,15.0,510.0,27.0,1.0,3.0,8.0
Sunkist Strawberry 2 Liter,960.0,0.0,0.0,0.0,370.0,259.0,0.0,248.0,0.0
Taco Pizza on Gluten Free Crust 1 Slice,220.0,12.0,6.0,25.0,520.0,21.0,2.0,2.0,9.0
Original Sauce Extra for Original Crust Small,15.0,0.0,0.0,0.0,80.0,2.0,0.0,1.0,0.0
Garlic Knots,110.0,4.5,1.0,0.0,260.0,14.0,0.0,1.0,2.0
Chicken & Veggie Pizza on Original Crust Extra Large 1 Slice,280.0,8.0,3.0,20.0,690.0,41.0,2.0,6.0,12.0
The Meats Pizza on Pan Crust 1 Slice,340.0,15.0,6.0,35.0,870.0,36.0,2.0,3.0,13.0
Defender on Original Crust Medium 1 Slice,290.0,15.0,6.0,35.0,770.0,27.0,1.0,5.0,12.0
Dawg Pound Deluxe on Pan Crust 1 Slice,310.0,13.0,5.0,25.0,710.0,36.0,2.0,3.0,11.0
Hawaiian w/ Cream Cheese on Thin Crust 1 Slice,240.0,12.0,5.0,35.0,630.0,23.0,1.0,5.0,10.0
"1 Bacon Cheddarstick 10""",120.0,6.0,2.5,15.0,280.0,11.0,0.0,1.0,5.0
Papas Garden Salad,120.0,7.0,3.0,10.0,340.0,10.0,2.0,3.0,6.0
Lipton Sparkling Iced Tea Peach 20 oz,120.0,0.0,0.0,0.0,220.0,30.0,0.0,30.0,0.0
White Veggie on Gluten Free Crust 1 Slice,110.0,5.0,1.5,0.0,150.0,14.0,1.0,1.0,2.0
Lipton Pureleaf NTS Peach Tea 18.5 oz,100.0,0.0,0.0,0.0,0.0,26.0,0.0,26.0,0.0
Original Sauce Light for Original Crust Extra Large,10.0,0.0,0.0,0.0,50.0,2.0,0.0,1.0,0.0
Extra Cheese for Original Crust Large,90.0,6.0,4.0,25.0,270.0,2.0,0.0,0.0,5.0
Pepperoni Pizza on Thin Crust 1 Slice,250.0,14.0,5.0,30.0,590.0,20.0,1.0,2.0,9.0
BBQ Sauce for Original Crust Extra Large,35.0,0.0,0.0,0.0,260.0,9.0,0.0,7.0,0.0
Spinach Alfredo Chicken Tomato Pizza on Thin Crust 1 Slice,230.0,12.0,5.0,35.0,510.0,19.0,1.0,1.0,11.0
The Workin Fire on Original Crust Large 1 Slice,340.0,15.0,6.0,30.0,870.0,38.0,2.0,5.0,13.0
Crush Cream Soda 20 oz,280.0,0.0,0.0,0.0,105.0,75.0,0.0,74.0,0.0
Spinach Alfredo Six Cheese on Pan Crust 1 Slice,320.0,14.0,6.0,30.0,700.0,34.0,1.0,2.0,13.0
Grilled Chicken & Canadian Bacon Pizza on Pan Crust 1 Slice,260.0,8.0,2.5,20.0,630.0,34.0,1.0,3.0,11.0
Cherry Coke 20 oz,250.0,0.0,0.0,0.0,65.0,70.0,0.0,70.0,0.0
"1 Bacon Cheddar Stuffed Cheesestick 8""",210.0,9.0,3.5,15.0,460.0,24.0,1.0,2.0,8.0
Sunkist Grape 20 oz,280.0,0.0,0.0,0.0,100.0,77.0,0.0,73.0,0.0
Johns Favorite Pizza on Original Crust Large 1 Slice,390.0,20.0,9.0,45.0,920.0,36.0,1.0,3.0,16.0
The Meats Pizza on Gluten Free Crust 1 Slice,200.0,12.0,5.0,30.0,550.0,16.0,1.0,2.0,8.0
Crush Pineapple 2 Liter,1080.0,0.0,0.0,0.0,370.0,291.0,0.0,284.0,0.0
The Works Pizza on Original Crust Small 1 Slice,230.0,9.0,4.0,20.0,590.0,26.0,1.0,3.0,9.0
Dr Pepper 12 oz,150.0,0.0,0.0,0.0,55.0,41.0,0.0,41.0,0.0
Giardineiera on Original Crust Extra Large 1 Slice,280.0,9.0,4.0,20.0,600.0,38.0,1.0,3.0,10.0
Sausage for Original Crust Pizza For One,45.0,4.5,1.5,10.0,115.0,0.0,0.0,0.0,1.0
Hawaiian on Thin Crust 1 Slice,220.0,10.0,4.0,25.0,600.0,22.0,1.0,4.0,10.0
Grilled Chicken & Canadian Bacon Pizza on Thin Crust Large 1 Slice,190.0,8.0,2.5,25.0,530.0,19.0,1.0,2.0,11.0
"1 Garlic Parmesan Breadstick 14""",170.0,5.0,1.0,0.0,360.0,27.0,1.0,2.0,4.0
8 Wings w/ BBQ Sauce,880.0,57.0,15.0,205.0,1940.0,20.0,1.0,14.0,67.0
Sunkist Peach 20 oz,280.0,0.0,0.0,0.0,110.0,78.0,0.0,75.0,0.0
SoBe Yumberry Pomegranate 20 oz,0.0,0.0,0.0,0.0,60.0,8.0,0.0,0.0,0.0
Island Fresh on Thin Crust 1 Slice,210.0,10.0,4.0,20.0,440.0,22.0,1.0,2.0,8.0
Hawaiian Chicken Pizza on Pan Crust 1 Slice,240.0,6.0,2.0,20.0,580.0,35.0,1.0,4.0,11.0
Bennys Italian Beef on Original Crust Extra Large 1 Slice,350.0,12.0,5.0,35.0,800.0,41.0,2.0,5.0,17.0
SoBe Strawberry Dragonfruit 20 oz,0.0,0.0,0.0,0.0,60.0,8.0,0.0,0.0,0.0
Spinach Alfredo Sauce for Original Crust Pizza For One,25.0,2.5,1.5,5.0,85.0,1.0,0.0,0.0,1.0
Wild Cherry Pepsi Real Sugar 20 oz,250.0,0.0,0.0,0.0,55.0,66.0,0.0,65.0,0.0
Chicken Veggie Lite Chicken Delight on Pan Crust 1 Slice,290.0,10.0,4.0,25.0,680.0,37.0,2.0,3.0,12.0
Jalapeno Peppers for Original Crust Small,0.0,0.0,0.0,0.0,45.0,0.0,0.0,0.0,0.0
Blueberry Pomegranate 16 oz,80.0,0.0,0.0,0.0,170.0,20.0,0.0,19.0,0.0
Beef for Original Crust Large,40.0,3.5,1.5,10.0,140.0,0.0,0.0,0.0,2.0
Crush Orange 12 oz,180.0,0.0,0.0,0.0,45.0,51.0,0.0,51.0,0.0
Original Crust for Large Pizza,190.0,2.5,0.5,0.0,340.0,34.0,1.0,3.0,5.0
BBQ Chicken Bacon Pizza on Pan Crust 1 Slice,340.0,12.0,4.5,30.0,950.0,42.0,2.0,9.0,13.0
Tropical Luau Pizza on Original Crust Extra Large 1 Slice,280.0,7.0,3.0,15.0,730.0,42.0,2.0,7.0,11.0
Welchs Grape Soda 20 oz,330.0,0.0,0.0,0.0,100.0,85.0,0.0,85.0,0.0
Rockstar Xtra 16 oz,280.0,0.0,0.0,0.0,80.0,64.0,0.0,62.0,0.0
Ultimate Pepperoni on Original Crust Medium 1 Slice,280.0,13.0,6.0,35.0,720.0,27.0,1.0,3.0,11.0
Pepsi Next 20 oz,170.0,0.0,0.0,0.0,10.0,45.0,0.0,43.0,0.0
Hearty Italian Meats on Original Crust Large 1 Slice,370.0,17.0,7.0,40.0,1010.0,38.0,2.0,5.0,16.0
Countrytime Strawberry Lemonade 2 Liter,760.0,0.0,0.0,0.0,590.0,203.0,0.0,203.0,0.0
"1 Bacon Cheesestick 12""",130.0,6.0,2.5,15.0,330.0,13.0,1.0,1.0,5.0
Cheese Pizza on Original Crust Small 1 Slice,180.0,6.0,2.5,15.0,440.0,25.0,1.0,3.0,7.0
16 Wings w/ BBQ Sauce,1750.0,114.0,29.0,415.0,3880.0,40.0,1.0,28.0,134.0
Mountain Dew Voltage 2 Liter,980.0,0.0,0.0,0.0,360.0,257.0,0.0,257.0,0.0
Hawaiian BBQ Chicken Pizza on Original Crust Large 1 Slice,360.0,11.0,5.0,40.0,1040.0,47.0,2.0,12.0,17.0
Hawaiian Chicken Pizza on Original Crust Medium 1 Slice,190.0,4.5,2.0,15.0,460.0,27.0,1.0,4.0,9.0
Italian Sausage on Original Crust Large 1 Slice,320.0,13.0,6.0,30.0,780.0,38.0,2.0,5.0,12.0
Cheese Pizza on Original Crust Medium 1 Slice,210.0,7.0,3.5,20.0,520.0,27.0,1.0,3.0,8.0
Mountain Dew Game Fuel Citrus Cherry 2 Liter,570.0,0.0,0.0,0.0,360.0,156.0,0.0,156.0,0.0
Smokehouse Bacon & Ham on Pan Crust 1 Slice,320.0,13.0,5.0,30.0,850.0,37.0,2.0,4.0,13.0
Ranch Sauce for Original Crust Extra Large,60.0,6.0,1.0,5.0,130.0,1.0,0.0,1.0,0.0
Wild Cherry Pepsi Real Sugar 2 Liter,850.0,0.0,0.0,0.0,190.0,223.0,0.0,220.0,0.0
Crush Peach 2 Liter,1050.0,0.0,0.0,0.0,360.0,281.0,0.0,274.0,0.0
Island Fresh w/ Chicken on Original Crust Extra Large 1 Slice,310.0,9.0,4.0,30.0,770.0,42.0,2.0,5.0,14.0
Ham Veggie Lite Ham Delight on Original Crust Extra Large 1 Slice,300.0,9.0,4.0,25.0,810.0,41.0,2.0,6.0,13.0
Lipton Pureleaf Green Tea 18.5 oz,100.0,0.0,0.0,0.0,0.0,25.0,0.0,25.0,0.0
Grilled Chicken & Canadian Bacon Pizza on Original Crust Small 1 Slice,180.0,4.5,1.5,15.0,480.0,25.0,1.0,3.0,8.0
Diet Pepsi Max 20 oz,0.0,0.0,0.0,0.0,65.0,0.0,0.0,0.0,0.0
Spinach Alfredo Delight on Original Crust Small 1 Slice,200.0,7.0,3.5,20.0,490.0,25.0,1.0,2.0,8.0
Garden Special White on Original Crust Pizza For One 1 Slice,190.0,7.0,3.5,15.0,360.0,25.0,1.0,3.0,7.0
Cheese for Original Crust Pizza For One,50.0,4.0,2.5,15.0,170.0,1.0,0.0,0.0,3.0
Tropicana TWST Orange 2 Liter,1100.0,0.0,0.0,0.0,0.0,279.0,0.0,254.0,0.0
Chocolate Chip Cookie,190.0,9.0,4.5,15.0,105.0,26.0,1.0,18.0,2.0
Ultimate Meats on Original Crust Large 1 Slice,400.0,19.0,8.0,50.0,1180.0,39.0,2.0,5.0,16.0
"1 Breadstick 14""",150.0,2.0,0.5,0.0,270.0,27.0,1.0,2.0,4.0
Chourice Sandwich,1580.0,115.0,40.0,230.0,3430.0,70.0,7.0,8.0,60.0
Cherry Vanilla Dr Pepper 20 oz,240.0,0.0,0.0,0.0,100.0,65.0,0.0,63.0,0.0
Pepperoni Specialty on Original Crust Medium 1 Slice,250.0,11.0,5.0,30.0,660.0,27.0,1.0,3.0,10.0
Original Crust for Medium Pizza 1 Slice,130.0,2.0,0.0,0.0,240.0,24.0,1.0,2.0,4.0
Pineapple for Original Crust Pizza For One,5.0,0.0,0.0,0.0,0.0,2.0,0.0,2.0,1.0
Gatorade Glacial Cherry 20 oz,130.0,0.0,0.0,0.0,270.0,35.0,0.0,35.0,0.0
Island Fresh on Original Crust Large 1 Slice,280.0,8.0,4.0,20.0,660.0,40.0,2.0,5.0,10.0
Parmesan Cheese 1 Packet,15.0,1.0,0.5,5.0,35.0,0.0,0.0,0.0,1.0
Chicken Veggie Lite Chicken Delight on Original Crust Extra Large 1 Slice,310.0,9.0,4.0,30.0,760.0,41.0,2.0,5.0,14.0
16 Wings w/ Honey Chipotle Sauce,1800.0,113.0,29.0,415.0,3620.0,55.0,1.0,42.0,133.0
Original Crust for Small Pizza,130.0,2.0,0.0,0.0,230.0,23.0,1.0,2.0,4.0
Italian Sausage on Original Crust Pizza For One 1 Slice,230.0,10.0,4.0,20.0,550.0,25.0,1.0,3.0,8.0
Chicken & Veggie Pizza on Original Crust Pizza For One 1 Slice,190.0,6.0,2.5,15.0,480.0,26.0,1.0,4.0,9.0
Black Olives for Original Crust Large,15.0,1.5,0.0,0.0,45.0,0.0,0.0,0.0,0.0
Welchs Grape Soda 2 Liter,1100.0,0.0,0.0,0.0,340.0,287.0,0.0,287.0,0.0
Rockstar 16 oz,280.0,1.0,0.0,0.0,75.0,61.0,0.0,59.0,2.0
Starbucks Doubleshot Energy Vanilla 15 oz,210.0,2.5,1.5,15.0,180.0,34.0,0.0,25.0,10.0
Pepsi Next 12 oz,100.0,0.0,0.0,0.0,5.0,27.0,0.0,26.0,0.0
Beef for Original Crust Small,30.0,2.5,1.0,5.0,95.0,0.0,0.0,0.0,1.0
Island Fresh w/ Chicken on Original Crust Small 1 Slice,200.0,6.0,2.5,15.0,480.0,27.0,1.0,3.0,9.0
Johns Favorite Pizza on Original Crust Medium 1 Slice,280.0,14.0,6.0,30.0,650.0,25.0,1.0,2.0,11.0
Defender on Original Crust Extra Large 1 Slice,410.0,19.0,8.0,45.0,1050.0,41.0,2.0,5.0,17.0
White Veggie on Original Crust Medium 1 Slice,220.0,9.0,3.5,15.0,480.0,26.0,1.0,3.0,7.0
"1 Bacon Green Chile Cheesestick 12""",130.0,7.0,2.5,15.0,330.0,13.0,1.0,1.0,5.0
Brisk Sweet Tea Lemon 2 Liter,720.0,0.0,0.0,0.0,430.0,182.0,0.0,180.0,0.0
15 Chicken Poppers,800.0,31.0,5.0,175.0,2320.0,64.0,2.0,2.0,49.0
Hawaiian Volcano on Original Crust Small 1 Slice,220.0,8.0,3.5,20.0,650.0,27.0,1.0,5.0,9.0
Spicy Italian Pizza on Original Crust Large 1 Slice,380.0,18.0,7.0,40.0,930.0,38.0,2.0,5.0,14.0
Diet Mist Twst 2 Liter,900.0,0.0,0.0,0.0,210.0,234.0,0.0,234.0,0.0
Tuscan Six Cheese on Gluten Free Crust 1 Slice,160.0,8.0,4.5,20.0,380.0,16.0,1.0,2.0,7.0
Seven Up 2 Liter,850.0,0.0,0.0,0.0,420.0,220.0,0.0,220.0,0.0
Spinach Alfredo Deluxe on Original Crust Pizza For One 1 Slice,210.0,8.0,4.5,25.0,530.0,25.0,1.0,3.0,8.0
BBQ Sauce Extra for Original Crust Large,45.0,0.0,0.0,0.0,320.0,11.0,0.0,9.0,0.0
Crush Orange 2 Liter,1010.0,0.0,0.0,0.0,250.0,287.0,0.0,287.0,0.0
Cherry Dr Pepper 2 Liter,880.0,0.0,0.0,0.0,340.0,240.0,0.0,233.0,0.0
Pepperoni Pizzazz on Pan Crust 1 Slice,350.0,17.0,7.0,35.0,830.0,36.0,2.0,3.0,14.0
Spinach Alfredo Sauce Extra for Original Crust Extra Large,40.0,3.5,2.5,10.0,135.0,1.0,0.0,0.0,1.0
Chicken Bacon Ranch on Original Crust Medium,260.0,11.0,4.0,30.0,630.0,27.0,1.0,3.0,11.0
Smokehouse Bacon & Ham on Thin Crust 1 Slice,260.0,14.0,5.0,35.0,740.0,22.0,1.0,3.0,12.0
Cheese Pizza on Original Crust Pizza For One 1 Slice,200.0,7.0,3.5,20.0,500.0,25.0,1.0,3.0,8.0
Bacon Cheddarburger on Original Crust Medium 1 Slice,270.0,14.0,5.0,30.0,650.0,27.0,1.0,3.0,10.0
Grilled Chicken & Canadian Bacon Pizza on Original Crust Extra Large 1 Slice,290.0,7.0,3.0,30.0,810.0,40.0,2.0,5.0,14.0
"1 Bacon Cheddar Stuffed Cheesestick 10""",210.0,9.0,3.5,20.0,450.0,24.0,1.0,2.0,8.0
Brisk Strawberry Melon 20 oz,120.0,0.0,0.0,0.0,90.0,32.0,0.0,32.0,0.0
Dr Wham 2 Liter,850.0,0.0,0.0,0.0,230.0,220.0,0.0,220.0,0.0
Doc X 20 oz,250.0,0.0,0.0,0.0,90.0,67.0,0.0,67.0,0.0
Gatorade Raspberry 20 oz,50.0,0.0,0.0,0.0,270.0,12.0,0.0,12.0,0.0
Garden Special White on Original Crust Small 1 Slice,200.0,7.0,3.5,15.0,390.0,25.0,1.0,3.0,7.0
3 Cheese Blend for Original Crust Large,25.0,2.0,1.5,5.0,55.0,0.0,0.0,0.0,2.0
Crystal Pepsi 2 Liter,850.0,0.0,0.0,0.0,300.0,233.0,0.0,233.0,0.0
Who Dey on Original Crust Extra Large 1 Slice,360.0,15.0,7.0,35.0,880.0,40.0,2.0,5.0,14.0
Pepperoni & Sausage Pizza on Original Crust Pizza For One 1 Slice,260.0,13.0,5.0,30.0,650.0,25.0,1.0,3.0,9.0
Ultimate Pepperoni on Original Crust Pizza For One 1 Slice,270.0,13.0,5.0,30.0,700.0,25.0,1.0,3.0,10.0
Diet Dr Pepper 20 oz,0.0,0.0,0.0,0.0,90.0,0.0,0.0,0.0,0.0
Spinach Alfredo Delight on Original Crust Medium 1 Slice,210.0,8.0,4.0,25.0,530.0,26.0,1.0,3.0,9.0
Bacon for Original Crust Large,50.0,3.5,1.5,10.0,180.0,1.0,0.0,0.0,3.0
Original Crust for Extra Large Pizza,200.0,3.0,0.5,0.0,360.0,36.0,1.0,3.0,6.0
Rockstar Recovery 16 oz,20.0,0.0,0.0,0.0,220.0,6.0,0.0,6.0,0.0
Hawaiian on Pan Crust 1 Slice,290.0,10.0,4.0,25.0,750.0,37.0,2.0,5.0,11.0
Ranch Sauce Extra for Original Crust Pizza For One,75.0,7.0,1.0,5.0,160.0,1.0,0.0,1.0,0.0
Spicy Italian Pizza on Gluten Free Crust 1 Slice,190.0,12.0,5.0,25.0,450.0,16.0,1.0,2.0,7.0
Mug Cream Soda 2 Liter,1010.0,0.0,0.0,0.0,340.0,271.0,0.0,271.0,0.0
Spinach Alfredo Six Cheese on Original Crust Pizza For One,230.0,10.0,6.0,30.0,550.0,24.0,1.0,2.0,10.0
Seven Up 12 oz,150.0,0.0,0.0,0.0,75.0,39.0,0.0,39.0,0.0
Spinach Alfredo Chicken Tomato Pizza on Pan Crust 1 Slice,290.0,11.0,5.0,30.0,670.0,34.0,2.0,2.0,12.0
Ham Veggie Lite Ham Delight on Original Crust Small 1 Slice,190.0,6.0,2.5,15.0,520.0,26.0,1.0,3.0,8.0
The Meats Pizza on Original Crust Large 1 Slice,380.0,17.0,7.0,45.0,1040.0,38.0,2.0,5.0,15.0
Gatorade Cool Blue 20 oz,160.0,0.0,0.0,0.0,240.0,39.0,0.0,32.0,0.0
Spinach Alfredo Sauce for Original Crust Medium,20.0,1.5,1.0,5.0,65.0,1.0,0.0,0.0,1.0
Sunkist Peach 2 Liter,960.0,0.0,0.0,0.0,370.0,265.0,0.0,254.0,0.0
Ultimate Pepperoni on Thin Crust 1 Slice,320.0,21.0,8.0,45.0,810.0,20.0,1.0,2.0,13.0
Chicken & Veggie Pizza on Original Crust Large 1 Slice,260.0,7.0,2.5,15.0,620.0,38.0,2.0,5.0,10.0
Italian Sausage on Original Crust Extra Large 1 Slice,340.0,14.0,6.0,30.0,810.0,40.0,2.0,5.0,12.0
Gluten Free Crust for Create Your Own Pizza,90.0,2.5,1.0,0.0,100.0,17.0,1.0,1.0,2.0
Smokehouse Bacon & Ham on Original Crust Pizza For One 1 Slice,230.0,9.0,4.0,25.0,670.0,27.0,1.0,4.0,10.0
Anchovies,30.0,1.5,0.0,15.0,750.0,0.0,0.0,0.0,4.0
BBQ Sauce for Original Crust Large,35.0,0.0,0.0,0.0,240.0,8.0,0.0,7.0,0.0
Crush Strawberry 12 oz,170.0,0.0,0.0,0.0,65.0,46.0,0.0,45.0,0.0
Gatorade Lime Cucumber 20 oz,130.0,0.0,0.0,0.0,270.0,34.0,0.0,34.0,0.0
Giardineiera on Thin Crust 1 Slice,190.0,10.0,3.5,20.0,360.0,18.0,0.0,1.0,7.0
Pan Crust,180.0,2.5,0.5,0.0,340.0,32.0,1.0,1.0,5.0
Veggie Sandwich,680.0,37.0,14.0,65.0,1810.0,59.0,5.0,3.0,25.0
Sausage Pizza on Original Crust Medium 1 Slice,240.0,11.0,4.5,20.0,580.0,27.0,1.0,3.0,8.0
Pepsi 2 Liter,900.0,0.0,0.0,0.0,180.0,246.0,0.0,246.0,0.0
Light Cheese for Original Crust Large,50.0,4.0,2.5,15.0,160.0,1.0,0.0,0.0,3.0
Diet Coke 20 oz,0.0,0.0,0.0,0.0,75.0,86.0,0.0,0.0,0.0
Crush Cream Soda 12 oz,170.0,0.0,0.0,0.0,65.0,45.0,0.0,44.0,0.0
Vanilla Pepsi Real Sugar 20 oz,250.0,0.0,0.0,0.0,55.0,66.0,0.0,66.0,0.0
Defender on Original Crust Small 1 Slice,270.0,14.0,6.0,35.0,720.0,26.0,1.0,3.0,11.0
Canadian Bacon for Original Crust Medium,15.0,0.5,0.0,5.0,125.0,0.0,0.0,0.0,2.0
Coke 20 oz,240.0,0.0,0.0,0.0,80.0,66.0,0.0,66.0,0.0
Aquafina 20 oz,0.0,0.0,0.0,0.0,0.0,0.0,0.0,0.0,0.0
Hawaiian Chicken Pizza on Original Crust Pizza For One 1 Slice,200.0,5.0,2.5,20.0,490.0,27.0,1.0,5.0,9.0
Sausage Egg & Cheese on Original Crust Large 1 Slice,410.0,22.0,8.0,145.0,930.0,37.0,1.0,3.0,15.0
Light Cheese for Original Crust Extra Large,50.0,4.0,2.5,15.0,180.0,1.0,0.0,0.0,3.0
Gatorade G2 Blueberry Pomegranate 20 oz,50.0,0.0,0.0,0.0,270.0,12.0,0.0,12.0,0.0
16 Garlic Parmesan Wings,2080.0,162.0,40.0,420.0,4580.0,11.0,1.0,1.0,137.0
Ham Veggie Lite Ham Delight on Thin Crust 1 Slice,220.0,10.0,4.0,25.0,550.0,21.0,1.0,3.0,9.0
Parmesan Romano for Original Crust Large,20.0,1.5,0.5,5.0,50.0,0.0,0.0,0.0,2.0
Brisk Sweet Tea Lemon 20 oz,210.0,0.0,0.0,0.0,130.0,54.0,0.0,53.0,0.0
Chicken Club on Thin Crust 1 Slice,260.0,13.0,5.0,40.0,650.0,21.0,1.0,3.0,13.0
Original Sauce for Original Crust Extra Large,15.0,0.5,0.0,0.0,100.0,2.0,0.0,2.0,0.0
8 Unsauced Roasted Wings,810.0,57.0,15.0,205.0,1460.0,4.0,0.0,0.0,66.0
Zesty Jalapeno Meats Pizza on Original Crust Extra Large 1 Slice,360.0,16.0,6.0,35.0,930.0,40.0,2.0,5.0,14.0
Original Sauce for Original Crust Large,15.0,0.5,0.0,0.0,95.0,2.0,0.0,1.0,0.0
Garden Fresh Pizza on Gluten Free Crust 1 Slice,140.0,6.0,3.0,15.0,300.0,17.0,1.0,2.0,5.0
Coffee 20 oz,5.0,0.0,0.0,0.0,10.0,0.0,0.0,0.0,1.0
Beef for Original Crust Medium,30.0,2.5,1.0,5.0,105.0,0.0,0.0,0.0,2.0
Diet Pepsi 2 Liter,0.0,0.0,0.0,0.0,210.0,0.0,0.0,0.0,0.0
Black Olives for Original Crust Pizza For One,10.0,1.0,0.0,0.0,35.0,0.0,0.0,0.0,0.0
Chicken Club on Pan Crust 1 Slice,310.0,12.0,4.5,30.0,770.0,37.0,2.0,4.0,13.0
Lipton Green Tea Citrus 20 oz,130.0,0.0,0.0,0.0,180.0,33.0,0.0,33.0,0.0
Original Sauce for Original Crust Small,10.0,0.0,0.0,0.0,60.0,1.0,0.0,1.0,0.0
Hawaiian Volcano on Original Crust Large 1 Slice,330.0,12.0,5.0,35.0,960.0,40.0,2.0,7.0,14.0
Mountain Dew Baja Blast 20 oz,280.0,0.0,0.0,0.0,75.0,73.0,0.0,73.0,0.0
Garden Fresh Pizza on Thin Crust 1 Slice,210.0,10.0,4.0,20.0,460.0,21.0,1.0,3.0,8.0
Johns Favorite Pizza on Thin Crust Large 1 Slice,320.0,22.0,9.0,45.0,700.0,18.0,0.0,1.0,13.0
Diet Coke 2 Liter,0.0,0.0,0.0,0.0,250.0,291.0,0.0,0.0,0.0
60 Chicken Poppers,3180.0,125.0,22.0,695.0,9280.0,255.0,9.0,8.0,196.0
Chicken Bacon Ranch on Original Crust Extra Large 1 Slice,380.0,17.0,6.0,45.0,950.0,41.0,2.0,5.0,17.0
Zesty Jalapeno Meats Pizza on Original Crust Small 1 Slice,220.0,9.0,3.5,20.0,560.0,25.0,1.0,3.0,8.0
Island Fresh w/ Chicken on Pan Crust 1 Slice,290.0,10.0,4.0,25.0,690.0,37.0,2.0,3.0,12.0
The Big Bonanza on Original Crust Large 1 Slice,370.0,14.0,6.0,40.0,1170.0,45.0,2.0,11.0,15.0
The Workin Fire on Original Crust Extra Large 1 Slice,360.0,16.0,6.0,35.0,930.0,40.0,2.0,5.0,14.0
BBQ Sauce Light for Original Crust Small,0.0,0.0,0.0,0.0,0.0,0.0,0.0,0.0,0.0
Spinach Alfredo Pizza on Original Crust Extra Large 1 Slice,300.0,11.0,6.0,30.0,680.0,38.0,2.0,3.0,11.0
BBQ Chicken Bacon Pizza on Gluten Free Crust 1 Slice,170.0,7.0,3.5,25.0,510.0,20.0,1.0,5.0,8.0
Ranch Sauce Light for Original Crust Extra Large,30.0,3.0,0.0,0.0,65.0,0.0,0.0,0.0,0.0
Light Cheese for Original Crust Small,35.0,2.5,1.5,10.0,110.0,1.0,0.0,0.0,2.0
Hawaiian BBQ Chicken Pizza on Pan Crust 1 Slice,340.0,12.0,4.5,30.0,950.0,44.0,2.0,9.0,13.0
The Workin Fire on Original Crust Medium 1 Slice,240.0,10.0,4.0,20.0,600.0,26.0,1.0,3.0,9.0
Honey Mustard Dipping Sauce,150.0,15.0,2.5,10.0,120.0,5.0,0.0,4.0,0.0
Mountain Dew Kickstart Blood Orange 12 oz,60.0,0.0,0.0,0.0,125.0,15.0,0.0,14.0,0.0
SoBe Strawberry Kiwi 20 oz,100.0,0.0,0.0,0.0,55.0,26.0,0.0,26.0,0.0
White Veggie on Original Crust Large 1 Slice,310.0,13.0,4.5,20.0,660.0,37.0,2.0,4.0,10.0
Chicken Bacon Ranch on Original Crust Pizza For One 1 Slice,260.0,12.0,4.5,35.0,660.0,26.0,1.0,3.0,12.0
Seven Cheese Calzone,350.0,15.0,8.0,40.0,720.0,37.0,1.0,3.0,16.0
BBQ Chicken Bacon Pizza on Original Crust Pizza For One 1 Slice,240.0,8.0,3.5,30.0,740.0,30.0,1.0,8.0,12.0
Blue Cheese Dipping Sauce,160.0,16.0,3.5,20.0,250.0,1.0,0.0,1.0,1.0
Hawaiian Volcano on Gluten Free Crust 1 Slice,110.0,4.5,1.5,10.0,290.0,15.0,1.0,2.0,4.0
Double Bacon Six Cheese Pizza on Original Crust Medium 1 Slice,240.0,10.0,4.5,25.0,660.0,27.0,1.0,3.0,12.0
Spicy Italian Pizza on Thin Crust Large 1 Slice,310.0,20.0,7.0,40.0,710.0,20.0,1.0,2.0,11.0
Hawaiian on Gluten Free Crust 1 Slice,150.0,6.0,3.0,20.0,400.0,17.0,1.0,3.0,6.0
Bacon for Original Crust Small,35.0,2.5,1.0,10.0,120.0,1.0,0.0,0.0,2.0
White Pizza on Gluten Free Crust 1 Slice,140.0,7.0,3.5,15.0,230.0,15.0,1.0,1.0,5.0
Ham Veggie Lite Ham Delight on Pan Crust 1 Slice,280.0,10.0,4.0,20.0,680.0,37.0,2.0,3.0,10.0
Chicken Club on Original Crust 1 Slice Large,330.0,11.0,5.0,40.0,870.0,39.0,2.0,6.0,16.0
The Big Bonanza on Original Crust Small 1 Slice,250.0,9.0,4.0,25.0,780.0,31.0,1.0,7.0,10.0
Defender on Original Crust Large 1 Slice,420.0,21.0,9.0,50.0,1090.0,38.0,2.0,5.0,17.0
The Works on Gluten Free Crust 1 Slice,170.0,10.0,4.0,20.0,440.0,16.0,1.0,2.0,7.0
Mediterranean Veggie Pizza on Original Crust Small 1 Slice,170.0,4.5,1.5,5.0,420.0,26.0,1.0,3.0,5.0
Pepperoni Specialty on Pan Crust 1 Slice,270.0,13.0,6.0,35.0,710.0,27.0,1.0,3.0,11.0
Pepperoni for Original Crust Small,30.0,3.0,1.0,5.0,95.0,0.0,0.0,0.0,1.0
Chicken Veggie Lite Chicken Delight on Original Crust Medium 1 Slice,210.0,6.0,3.0,20.0,520.0,27.0,1.0,4.0,10.0
"1 Bacon Jalapeno Cheesestick 12""",130.0,6.0,2.5,15.0,350.0,13.0,1.0,1.0,5.0
Spinach Alfredo Pizza on Pan Crust 1 Slice,280.0,11.0,5.0,25.0,620.0,34.0,1.0,2.0,10.0
Black Olives for Original Crust Small,10.0,1.0,0.0,0.0,30.0,0.0,0.0,0.0,0.0
Roma Tomatoes for Pan Crust,5.0,0.0,0.0,0.0,0.0,0.0,0.0,0.0,0.0
Extra Cheese for Original Crust Extra Large,80.0,6.0,4.0,25.0,260.0,2.0,0.0,0.0,5.0
Chicken & Veggie Pizza on Original Crust Small 1 Slice,170.0,4.5,1.5,10.0,420.0,26.0,1.0,3.0,7.0
Spicy Italian Pizza on Original Crust Pizza For One 1 Slice,270.0,14.0,6.0,30.0,670.0,26.0,1.0,3.0,10.0
Buffalo Chicken Pizza on Thin Crust 1 Slice,300.0,18.0,6.0,40.0,800.0,22.0,1.0,2.0,11.0
Mountain Dew Code Red 20 oz,280.0,0.0,0.0,0.0,170.0,78.0,0.0,78.0,0.0
Hawaiian Volcano on Original Crust Extra Large 1 Slice,350.0,12.0,5.0,35.0,1010.0,43.0,2.0,7.0,15.0
Ranch Sauce Extra for Original Crust Extra Large,80.0,8.0,1.5,5.0,200.0,1.0,0.0,1.0,0.0
Mist TWST 20 oz,240.0,0.0,0.0,0.0,55.0,65.0,0.0,65.0,0.0
Spinach Alfredo Delight on Original Crust Pizza For One 1 Slice,210.0,8.0,4.5,25.0,530.0,25.0,1.0,3.0,8.0
Spicy Italian Pizza on Original Crust Medium 1 Slice,270.0,13.0,5.0,30.0,660.0,27.0,1.0,3.0,10.0
Anchovies for Original Crust Pizza For One,10.0,0.0,0.0,5.0,210.0,0.0,0.0,0.0,1.0
Diet Pepsi 20 fl oz,0.0,0.0,0.0,0.0,65.0,0.0,0.0,0.0,0.0
Banana Peppers for Original Crust Pizza For One,0.0,0.0,0.0,0.0,90.0,0.0,0.0,0.0,0.0
"1 Green Chile Cheesestick 10""",90.0,4.0,1.5,10.0,210.0,11.0,1.0,1.0,3.0
Mountain Dew 12 oz,170.0,0.0,0.0,0.0,60.0,47.0,0.0,47.0,0.0
The Works Pizza on Original Crust Pizza For One 1 Slice,230.0,10.0,4.0,25.0,610.0,26.0,1.0,4.0,9.0
Gatorade Fierce Green Apple 20 oz,140.0,0.0,0.0,0.0,270.0,36.0,0.0,34.0,0.0
BBQ Sauce Light for Original Crust Large,15.0,0.0,0.0,0.0,120.0,4.0,0.0,3.0,0.0
BBQ Sauce Extra for Original Crust Small,35.0,0.0,0.0,0.0,240.0,8.0,0.0,7.0,0.0
Western Omelet on Original Crust Pizza For One 1 Slice,240.0,10.0,4.0,95.0,620.0,25.0,1.0,2.0,11.0
Bacon Cheddarburger on Original Crust Small 1 Slice,260.0,13.0,4.5,25.0,620.0,26.0,1.0,3.0,9.0
Bennys Italian Beef on Original Crust Small 1 Slice,130.0,7.0,3.0,25.0,340.0,10.0,1.0,2.0,8.0
